0.15159740259740262,50.75,51.19,50.19,51.13,23440153
0.15159740259740262,51.54,51.61,50.41,50.86,17444931
0.15159740259740262,50.1,50.58,49.76,50.12,22501799
0.15159740259740262,49.07,49.38,47.5,47.56,37902922
0.15159740259740262,48.73,48.74,46.03,46.13,30642964
0.15159740259740262,46.56,46.99,45.93,46.85,26284598
0.15159740259740262,47.495,47.5,46.27,46.88,26309979
0.15159740259740262,47.32,47.35,44.965,45.19,27925821
0.15159740259740262,45.42,45.815,44.565,45.38,30129541
0.15159740259740262,42.51,43.69,41.85,42.47,52452566
0.15159740259740262,42.85,43.12,41.66,41.94,39032718
0.15159740259740262,40.52,41.025,39.442,40.49,49905431
0.15159740259740262,40.51,41.39,40.03,40.15,34976743
0.15159740259740262,41.05,41.35,40.82,41.06,30187150
0.15159740259740262,40.81,40.96,39.45,39.55,31924026
0.15159740259740262,39.6,40.79,39.5,40.5,23508444
0.15159740259740262,40.37,41.69,40.225,40.56,28274754
0.15159740259740262,41.2,41.39,40.07,40.39,23212822
0.15159740259740262,40.8,42.59,40.78,42.58,36107611
0.15159740259740262,42.36,42.83,42.0,42.48,22860331
0.15159740259740262,41.86,41.86,40.275,40.42,31460917
0.15159740259740262,40.65,40.71,38.0361,40.36,43680257
0.15159740259740262,40.11,41.57,40.05,40.79,26697302
0.15159740259740262,41.02,41.44,39.55,39.86,23599670
0.15159740259740262,39.14,39.18,37.18,37.81,35237112
0.15159740259740262,36.93,38.07,36.68,37.51,39767232
0.15159740259740262,38.5,39.09,37.38,37.41,33390007
0.15159740259740262,36.0,36.16,34.52,34.98,48945575
0.15159740259740262,36.03,37.87,35.98,37.54,38120366
0.15159740259740262,38.59,39.22,38.32,38.89,31802539
0.15159740259740262,39.71,40.29,39.5,39.78,29133518
0.15159740259740262,39.93,39.99,38.62,38.92,24107698
0.15159740259740262,38.82,39.06,38.06,38.99,22425998
0.15159740259740262,39.67,39.97,39.3,39.52,22028585
0.15159740259740262,39.12,39.19,38.04,38.22,26234192
0.15159740259740262,37.44,38.18,36.61,38.09,25912362
0.15159740259740262,38.23,38.645,38.01,38.62,19889500
0.15159740259740262,39.06,40.02,38.76,39.5,23757420
0.15159740259740262,39.43,39.795,38.85,38.85,22268655
0.15159740259740262,39.15,41.29,39.1,41.27,30606823
0.15159740259740262,41.24,42.25,41.09,42.22,26969814
0.15159740259740262,42.14,42.87,41.89,42.83,21835234
0.15159740259740262,43.07,43.59,42.47,42.83,28071048
0.15159740259740262,42.36,42.93,42.08,42.61,22134577
0.15159740259740262,42.15,42.31,40.99,41.05,26265017
0.15159740259740262,41.36,41.43,40.625,41.15,18573924
0.15159740259740262,41.61,42.15,40.61,41.37,21139846
0.15159740259740262,42.27,43.01,41.7639,42.99,21069091
0.15159740259740262,42.66,42.91,42.205,42.67,15334780
0.15159740259740262,42.26,42.62,41.97,42.59,13784865
0.15159740259740262,42.13,43.05,41.5,42.23,22981023
0.15159740259740262,41.99,42.925,41.38,42.85,24261033
0.15159740259740262,43.43,43.965,43.25,43.54,30801897
0.15159740259740262,43.43,44.26,43.25,43.6,16226367
0.15159740259740262,43.27,43.63,42.91,43.38,14885079
0.15159740259740262,43.28,43.5,42.28,42.37,23989232
0.15159740259740262,41.78,41.94,41.03,41.94,22723369
0.15159740259740262,42.1,42.18,41.68,41.92,13062449
0.15159740259740262,41.78,41.78,41.14,41.72,18160088
0.15159740259740262,41.98,42.59,41.85,41.88,14763199
0.15159740259740262,41.83,42.34,41.59,41.75,15661652
0.15159740259740262,41.52,42.595,41.3,42.47,17749477
0.15159740259740262,42.36,42.7,41.98,42.06,14377103
0.15159740259740262,41.45,41.9,41.12,41.51,17867796
0.15159740259740262,41.53,41.89,41.19,41.86,16169856
0.15159740259740262,41.3,41.48,39.95,40.27,22618041
0.15159740259740262,40.86,41.28,40.37,40.47,14676060
0.15159740259740262,40.74,41.51,40.71,41.12,21083686
0.15159740259740262,41.28,41.96,41.12,41.9,19888671
0.15159740259740262,42.55,44.49,42.55,44.25,33135421
0.15159740259740262,44.14,45.29,44.02,44.98,26885108
0.15159740259740262,46.45,46.56,44.6,44.92,39168642
0.15159740259740262,44.42,45.25,44.21,45.11,22929947
0.15159740259740262,45.42,45.93,45.23,45.63,18833250
0.15159740259740262,45.74,46.75,45.73,46.74,21645718
0.15159740259740262,46.79,46.95,46.23,46.6,21538604
0.15159740259740262,46.69,47.35,46.62,46.97,17425930
0.15159740259740262,46.63,46.93,46.14,46.69,13480511
0.15159740259740262,46.71,47.16,46.42,47.1,15573618
0.15159740259740262,46.89,47.84,46.79,47.34,19444742
0.15159740259740262,46.79,47.53,46.55,46.73,18399482
0.15159740259740262,46.52,46.86,46.06,46.28,23922690
0.15159740259740262,46.54,46.83,45.9,46.68,13802510
0.15159740259740262,45.77,45.83,44.98,45.57,21186239
0.15159740259740262,44.88,45.02,44.165,44.66,24310510
0.15159740259740262,44.78,45.08,44.16,44.23,14912027
0.15159740259740262,43.81,44.42,43.72,44.41,17632453
0.15159740259740262,44.31,44.61,43.65,43.89,14251865
0.15159740259740262,44.34,44.9,44.11,44.84,13608893
0.15159740259740262,44.66,45.38,44.46,44.47,15997879
0.15159740259740262,44.84,45.17,43.77,44.0,15551517
0.15159740259740262,43.98,44.57,43.0,43.11,19433489
0.15159740259740262,43.11,43.5,42.94,43.15,17158384
0.15159740259740262,43.07,43.89,42.81,43.7,19942950
0.15159740259740262,43.75,46.1355,43.75,45.87,37645212
0.15159740259740262,45.6,46.06,44.63,45.06,23036064
0.15159740259740262,45.42,45.7,44.79,44.9,19610197
0.15159740259740262,44.85,45.18,44.57,45.11,15050504
0.15159740259740262,45.45,46.19,45.31,45.86,18976539
0.15159740259740262,46.19,47.6,46.19,46.94,23976508
-0.054166666666666675,47.04,47.12,46.07,46.11,16956563
-0.054166666666666675,46.24,46.67,46.08,46.58,13854489
-0.054166666666666675,46.88,46.9,46.31,46.57,21404013
-0.054166666666666675,46.04,46.99,45.48,46.94,17212523
-0.054166666666666675,46.86,47.06,46.6,46.97,15483762
-0.054166666666666675,45.11,45.6,44.25,45.39,36961501
-0.054166666666666675,45.39,46.26,45.21,45.74,17321430
-0.054166666666666675,46.04,46.1,45.51,45.54,12089832
-0.054166666666666675,45.48,45.9,45.295,45.56,13147321
-0.054166666666666675,45.18,45.21,44.65,45.01,17068975
-0.054166666666666675,44.27,44.4,43.68,43.9,23071149
-0.054166666666666675,43.23,44.06,43.145,43.16,20612145
-0.054166666666666675,43.04,43.54,41.515,41.96,27621252
-0.054166666666666675,42.3,42.89,41.969,42.01,21934233
-0.054166666666666675,41.61,42.18,41.15,42.12,19904800
-0.054166666666666675,42.44,42.935,42.15,42.48,25113413
-0.054166666666666675,43.46,44.05,42.78,42.8,20243952
-0.054166666666666675,43.17,43.21,42.47,42.92,14714924
-0.054166666666666675,42.87,43.43,42.635,42.68,18087638
-0.054166666666666675,43.51,44.5,43.47,44.46,25702960
-0.054166666666666675,40.63,41.39,40.26,40.3,71849750
-0.054166666666666675,39.58,39.64,38.31,38.48,53511902
-0.054166666666666675,39.81,40.63,39.2,40.44,38605629
-0.054166666666666675,41.14,42.19,40.9,42.12,34004075
-0.054166666666666675,42.68,42.795,41.68,42.39,34485440
-0.054166666666666675,42.3,42.69,41.97,42.17,19399551
-0.054166666666666675,41.38,41.5,40.42,40.78,25571075
-0.054166666666666675,40.15,41.08,40.03,41.06,27713900
-0.054166666666666675,41.33,42.06,41.09,41.29,24585547
-0.054166666666666675,41.8,42.27,41.625,41.98,29468610
-0.054166666666666675,42.39,42.75,42.29,42.29,19752639
-0.054166666666666675,42.82,43.48,42.76,43.44,23803634
-0.054166666666666675,43.33,43.68,43.02,43.33,20488172
-0.054166666666666675,44.38,44.77,44.12,44.45,37093643
-0.054166666666666675,45.0,45.03,43.845,44.33,29198761
-0.054166666666666675,44.28,44.9,44.24,44.57,18683851
-0.054166666666666675,44.19,44.69,44.0632,44.35,15297288
-0.054166666666666675,44.53,44.7,44.2,44.47,16547139
-0.054166666666666675,44.5,44.7001,44.11,44.13,15045567
-0.054166666666666675,44.1,44.3601,43.83,44.3,12764241
-0.054166666666666675,44.31,44.36,43.9133,44.04,14391439
-0.054166666666666675,43.93,44.24,43.9,44.15,16152511
-0.054166666666666675,44.2,44.71,44.13,44.3,17814222
-0.09383074935400515,44.0,44.17,43.68,44.08,13239559
-0.09383074935400515,43.87,44.16,43.76,43.81,13773743
-0.09383074935400515,43.92,44.015,43.24,43.42,14794430
-0.09383074935400515,43.23,43.63,42.5,42.99,20089133
-0.09383074935400515,42.93,43.94,42.86,43.89,14708296
-0.09383074935400515,43.74,44.04,43.66,43.84,11747861
-0.09383074935400515,44.63,45.73,44.51,45.72,28566792
-0.09383074935400515,45.83,46.16,45.48,45.96,16861616
-0.09383074935400515,45.95,46.11,45.67,45.9,12203839
-0.09383074935400515,45.8,45.9,45.39,45.45,16566659
-0.09383074935400515,45.51,45.91,45.29,45.73,14819381
0.07738636363636364,45.41,45.6,45.22,45.58,12472897
0.07738636363636364,45.82,46.5,45.82,46.39,12252683
0.07738636363636364,46.25,46.79,46.135,46.62,15202061
0.07738636363636364,46.51,46.8,46.38,46.63,17899305
0.07738636363636364,46.57,46.7,46.21,46.5,14190255
0.07738636363636364,46.34,46.59,46.02,46.53,12207628
0.07738636363636364,46.42,46.75,46.25,46.66,11007477
0.07738636363636364,46.9,47.061,46.59,46.59,13345548
0.07738636363636364,46.63,47.115,46.54,46.66,16054356
0.07738636363636364,46.51,46.82,46.47,46.72,16520236
0.07738636363636364,46.83,47.24,46.7,47.11,23338460
0.07738636363636364,47.19,47.69,47.11,47.26,16699972
0.07738636363636364,47.22,47.93,47.22,47.9,17519795
0.07738636363636364,47.96,48.18,47.25,47.74,20826607
0.07738636363636364,47.82,48.03,46.76,47.36,19403873
0.07738636363636364,47.5,47.71,47.01,47.51,16293784
0.07738636363636364,47.51,47.65,46.65,47.29,17649519
0.07738636363636364,47.0,47.64,46.86,47.48,13610584
0.07738636363636364,47.46,48.07,47.32,47.79,15856381
0.07738636363636364,47.9,48.17,47.17,47.17,20468110
0.07738636363636364,46.64,47.87,46.33,47.79,22074757
0.07738636363636364,46.9,47.29,46.61,46.92,19885037
0.07738636363636364,46.89,47.44,46.68,46.75,19778442
0.07738636363636364,46.75,47.32,46.59,47.08,14205345
0.07738636363636364,46.6,46.79,46.24,46.41,24820832
0.07738636363636364,46.62,47.235,46.51,46.59,12759685
0.07738636363636364,47.04,47.19,46.45,46.54,13749411
0.07738636363636364,47.0,47.28,46.286,46.9,16605155
0.07738636363636364,46.99,47.3,46.75,47.11,16247609
0.07738636363636364,47.02,47.46,46.835,47.15,14793526
0.07738636363636364,46.51,46.63,45.83,45.89,22646738
0.07738636363636364,45.52,46.48,45.16,46.37,16165734
0.07738636363636364,46.58,46.91,46.1,46.87,15871608
0.07738636363636364,46.8,47.4,45.41,45.8,28066787
0.07738636363636364,46.33,47.5,46.06,47.23,25563084
0.07738636363636364,47.02,47.26,46.78,47.03,13819786
0.07738636363636364,47.1,48.43,47.08,47.75,25541972
0.07738636363636364,48.01,48.88,48.01,48.65,18173364
0.07738636363636364,48.83,49.09,48.37,49.07,15721047
0.07738636363636364,49.0,49.405,48.68,49.28,16583991
0.07738636363636364,49.46,49.96,49.37,49.55,14022675
0.07738636363636364,49.28,49.65,48.69,48.99,16033289
0.07738636363636364,48.97,49.215,48.66,48.7,14407344
0.07738636363636364,47.92,48.68,47.54,48.47,22302168
0.016085649455214672,49.6,49.95,48.39,48.61,28291799
0.016085649455214672,48.59,49.14,48.41,48.6,16654956
0.016085649455214672,49.18,49.29,48.81,48.99,18159870
0.016085649455214672,49.11,49.71,49.03,49.48,14663626
0.016085649455214672,49.46,49.9,49.21,49.58,13522551
0.016085649455214672,49.07,49.6342,48.9799,49.57,12728627
0.016085649455214672,49.82,49.88,49.52,49.58,10753462
0.016085649455214672,49.49,49.805,49.3,49.59,9790517
0.016085649455214672,49.27,50.06,49.21,50.01,13960034
0.016085649455214672,50.32,50.6,49.9,49.93,19181449
0.016085649455214672,49.98,50.12,48.95,49.56,17780277
0.016085649455214672,49.74,49.86,49.14,49.15,15173447
0.016085649455214672,49.4,49.67,48.4,48.94,20691054
0.016085649455214672,48.63,48.725,48.16,48.54,15824060
0.016085649455214672,48.53,48.99,48.02,48.19,16224279
0.016085649455214672,48.11,48.8,47.7,48.17,14152548
0.016085649455214672,49.26,49.84,49.21,49.82,19357566
0.016085649455214672,49.42,50.025,49.035,49.91,17548250
0.016085649455214672,50.07,51.935,49.47,51.59,59210448
0.016085649455214672,52.05,54.2,51.74,53.61,52067278
0.016085649455214672,52.76,53.16,51.6,52.83,41858608
0.016085649455214672,53.04,54.89,53.0,54.68,43113101
0.016085649455214672,53.99,55.47,53.71,55.45,33433808
0.016085649455214672,54.21,55.0,54.21,54.63,24200100
0.016085649455214672,54.6,55.98,54.36,55.45,24579011
0.016085649455214672,55.38,55.8399,54.98,55.46,24989950
0.12772921522921526,55.96,55.99,55.135,55.54,20410449
0.12772921522921526,55.66,56.15,55.43,56.1,21975907
0.12772921522921526,56.3,56.83,55.81,56.69,19913463
0.12772921522921526,56.6,56.8,56.19,56.78,11488291
0.12772921522921526,55.86,56.3492,55.43,55.47,23645006
0.12772921522921526,55.5,55.9383,55.32,55.52,15725383
0.12772921522921526,56.23,56.72,56.06,56.39,24395062
0.12772921522921526,56.77,57.57,56.535,57.27,27592511
0.12772921522921526,57.2,57.24,55.93,56.02,25110311
0.12772921522921526,56.61,57.53,56.58,57.28,24404549
0.12772921522921526,57.98,58.08,57.0,57.92,21487547
0.12772921522921526,57.89,59.16,57.89,59.06,30517614
0.12772921522921526,59.4,60.8,59.045,60.15,32535971
0.12772921522921526,59.96,60.22,59.2175,60.04,22804941
0.12772921522921526,59.45,60.0898,58.87,59.55,21829666
0.12772921522921526,59.63,59.97,58.76,59.79,22014524
0.12772921522921526,58.96,60.8,58.83,59.45,31399364
0.12772921522921526,60.1,60.62,59.56,60.23,22389343
0.12772921522921526,60.59,60.61,59.635,59.75,28405907
0.12772921522921526,59.49,59.78,58.92,59.66,17654398
0.12772921522921526,59.92,60.8,59.92,60.8,23439760
0.12772921522921526,60.7,60.91,60.15,60.75,15090176
0.12772921522921526,60.66,60.93,60.41,60.49,14571095
0.12772921522921526,60.53,61.0,60.38,60.99,9313992
0.12772921522921526,61.03,61.3,60.85,61.09,9544019
0.12772921522921526,61.0,61.2,59.98,60.04,17127359
0.12772921522921526,60.02,60.1225,58.68,59.38,17121238
0.12772921522921526,59.5,59.8,59.19,59.43,16588499
0.12772921522921526,60.68,61.09,59.75,60.59,18322398
0.12772921522921526,60.69,61.63,60.61,61.41,16947520
0.12772921522921526,60.97,61.43,59.91,60.34,18317911
0.12772921522921526,60.68,60.84,60.08,60.55,16778439
0.12772921522921526,60.15,60.64,59.67,60.22,14592998
0.12772921522921526,60.2,60.85,59.95,60.23,13483329
0.12772921522921526,59.66,60.0,59.245,59.96,20737634
0.12772921522921526,59.53,59.8198,58.76,59.23,22778873
0.12772921522921526,59.45,60.32,59.38,59.63,21045164
0.12772921522921526,59.01,59.32,58.03,58.38,25013769
0.12772921522921526,57.99,58.28,57.1,57.39,29276183
0.12772921522921526,57.53,57.6,56.39,56.66,24932449
0.12772921522921526,56.94,57.12,56.03,56.11,27722281
0.12772921522921526,56.12,56.29,55.42,55.68,23130215
0.12772921522921526,55.96,57.15,55.675,56.74,18416436
0.12772921522921526,57.9,57.92,57.1,57.69,21492914
0.12772921522921526,57.6,57.975,57.05,57.36,20792703
0.12772921522921526,57.39,57.41,56.72,57.11,17067943
0.12772921522921526,56.51,56.68,55.76,56.61,17537643
0.12772921522921526,56.33,56.96,55.575,55.83,29221002
0.12772921522921526,56.72,56.98,55.88,56.05,17441473
0.12772921522921526,55.49,56.21,55.23,55.98,15586814
0.12772921522921526,57.04,57.875,56.59,57.76,21404139
0.12772921522921526,57.51,58.35,57.34,57.64,15680214
0.12772921522921526,58.0,58.07,57.01,57.19,13996938
0.12772921522921526,56.92,56.92,56.14,56.32,18626642
0.12772921522921526,56.65,57.54,56.37,57.26,18054082
0.12772921522921526,57.82,57.95,57.13,57.63,14421653
0.12772921522921526,57.99,59.365,57.99,58.95,22779759
0.12772921522921526,59.0,60.109,58.75,59.83,22359291
0.12772921522921526,60.16,60.87,59.7,60.5,22423933
0.12772921522921526,60.35,60.5,59.76,60.38,15916578
0.12772921522921526,59.7,60.17,59.4,60.17,15120623
0.12772921522921526,60.29,60.69,60.23,60.55,15812721
0.12772921522921526,60.18,60.95,60.02,60.62,16025724
0.12772921522921526,60.64,60.84,60.23,60.62,14624376
0.12772921522921526,59.88,60.18,59.11,59.56,19900288
0.12772921522921526,59.56,60.24,59.4099,60.02,15711367
0.12772921522921526,59.67,60.09,59.48,59.81,17237455
0.12772921522921526,61.2,61.94,61.0,61.54,26421724
0.12772921522921526,61.68,61.87,60.59,60.63,17270346
0.12772921522921526,60.39,61.25,60.33,61.0,15188780
0.12772921522921526,60.8,60.88,60.26,60.28,14979380
0.12772921522921526,60.19,60.71,59.775,60.5,17297849
0.12772921522921526,61.56,62.53,61.06,61.11,30723959
0.12772921522921526,61.36,62.09,61.23,61.55,21429345
0.12772921522921526,61.94,62.03,60.92,61.49,17421872
0.12772921522921526,61.54,61.79,60.98,61.53,13481512
0.12772921522921526,61.33,61.47,60.81,61.44,11819667
0.12772921522921526,61.7,61.78,60.455,60.84,20086941
0.12772921522921526,61.05,61.41,60.77,61.15,15198253
0.12772921522921526,61.16,61.27,60.2,60.37,32281850
0.12772921522921526,60.1,60.38,59.59,59.59,14813762
0.12772921522921526,60.13,60.2,57.95,58.04,34140442
0.12772921522921526,57.41,58.3865,56.9,57.77,25648496
0.12772921522921526,57.76,58.82,57.53,58.05,16916534
0.12772921522921526,58.33,58.54,57.605,58.07,13504446
0.12772921522921526,56.85,58.45,56.55,58.33,17257171
0.12772921522921526,58.19,59.66,58.12,59.42,15391117
0.12772921522921526,59.53,59.88,59.27,59.39,13457439
0.12772921522921526,59.39,60.8259,59.36,60.51,14886187
0.12772921522921526,60.31,60.51,59.79,59.82,14407879
0.12772921522921526,59.93,60.09,58.65,59.68,15460515
0.12772921522921526,59.29,59.95,59.2,59.68,9745614
0.12772921522921526,60.5,61.02,59.53,59.59,20295245
0.12772921522921526,59.44,60.23,59.0099,59.89,13805963
0.11735537190082644,59.33,59.885,59.26,59.43,13447843
0.11735537190082644,59.36,59.975,58.98,59.28,12096712
0.11735537190082644,58.68,59.05,58.08,59.03,15247753
-0.005716253443526173,59.09,59.125,58.27,58.51,15223437
-0.005716253443526173,58.3,59.73,57.68,58.04,31784350
-0.005716253443526173,58.36,59.06,57.925,58.99,14657279
-0.005716253443526173,58.58,58.89,58.07,58.42,16890955
-0.005716253443526173,58.85,59.0995,57.6,57.73,18104168
-0.005716253443526173,58.17,58.65,57.55,58.41,17074763
-0.005716253443526173,58.38,58.44,57.63,57.72,15255858
-0.005716253443526173,59.18,59.71,59.07,59.44,24400342
-0.005716253443526173,60.08,60.79,60.0,60.21,21593519
-0.005716253443526173,60.04,60.7,59.96,60.1,16057953
-0.005716253443526173,59.98,59.99,58.93,59.39,14025915
-0.005716253443526173,59.36,59.57,59.05,59.12,11917075
-0.005716253443526173,59.39,60.059,59.155,59.46,12879412
-0.005716253443526173,59.45,59.72,58.93,59.71,11471884
-0.005716253443526173,59.5,60.3262,59.3,60.24,12845294
-0.005716253443526173,60.7,60.94,60.09,60.21,14509792
-0.005716253443526173,60.49,60.58,60.1,60.24,11484293
-0.005716253443526173,60.15,60.73,60.12,60.5,8458260
-0.005716253443526173,60.65,61.04,60.07,60.23,13179898
-0.005716253443526173,60.1,60.64,60.0,60.37,11607308
-0.005716253443526173,60.25,60.915,59.92,60.7,16314044
-0.005716253443526173,60.36,61.1,60.21,61.07,15393168
-0.005716253443526173,61.22,61.7,61.09,61.42,14838549
-0.005716253443526173,61.49,62.58,61.38,62.49,21199543
-0.005716253443526173,61.4,61.96,59.67,59.98,33251409
-0.005716253443526173,59.73,60.6,59.1,60.08,25142234
-0.005716253443526173,60.41,61.765,60.24,61.1,20266630
-0.005716253443526173,61.41,61.55,60.72,61.06,11744806
-0.005716253443526173,61.09,61.95,60.73,61.71,12414299
-0.005716253443526173,61.84,62.44,61.66,62.27,16133164
-0.005716253443526173,62.25,62.69,61.78,61.95,13368607
-0.005716253443526173,61.87,62.33,61.65,62.07,10850319
-0.005716253443526173,61.79,62.0668,61.51,61.64,12603786
-0.005716253443526173,61.59,61.6,59.87,60.54,23150518
-0.005716253443526173,60.89,61.09,60.165,61.08,13922397
-0.005716253443526173,60.33,61.6,60.3,61.11,13643574
-0.005716253443526173,61.04,61.77,60.96,61.25,10024923
-0.005716253443526173,60.68,61.17,60.44,61.01,10764340
-0.005716253443526173,61.21,62.225,61.1,61.88,16056133
-0.005716253443526173,61.84,63.82,61.72,63.21,25925685
-0.005716253443526173,63.84,64.74,63.51,64.45,31488777
0.06142676767676766,64.51,65.4,64.07,64.32,27444366
0.06142676767676766,64.88,65.26,64.335,64.69,18749028
0.06142676767676766,64.25,64.92,63.5,64.72,20791587
0.06142676767676766,64.31,64.94,63.94,64.1,15111533
0.06142676767676766,64.16,64.23,63.71,63.89,19549889
0.06142676767676766,64.4,64.89,64.255,64.48,13264757
0.06142676767676766,64.31,64.42,63.91,63.91,12162785
0.06142676767676766,63.88,64.26,63.6,63.83,13532830
0.06142676767676766,63.62,63.91,63.34,63.62,11344707
0.06142676767676766,64.05,64.18,63.16,63.41,16395259
0.06142676767676766,63.55,64.12,63.205,63.78,14977979
0.06142676767676766,64.24,64.86,64.01,64.23,16416330
0.06142676767676766,65.0,65.36,64.52,65.18,24015244
0.06142676767676766,67.65,67.75,66.2601,66.98,40827165
0.06142676767676766,67.56,67.59,66.72,66.88,15832322
0.06142676767676766,67.24,68.91,67.24,68.26,16488776
0.06142676767676766,68.33,68.73,67.95,68.45,17783139
0.06142676767676766,68.45,68.76,67.5701,67.63,17960745
0.06142676767676766,68.03,68.3,67.435,67.91,14735303
0.06142676767676766,67.69,68.04,67.44,67.65,12613789
0.06142676767676766,67.5,67.57,66.6,66.82,17134576
0.06142676767676766,66.76,67.2,66.54,66.92,16881747
0.06142676767676766,67.15,67.29,66.69,67.02,20151962
0.06142676767676766,66.32,66.93,65.52,66.72,20742307
0.06142676767676766,66.76,67.1,66.42,66.83,17497953
0.06142676767676766,66.44,67.1,66.22,66.89,15965929
0.06142676767676766,67.15,67.36,66.5,66.7,12687313
0.06142676767676766,66.62,67.04,66.33,66.36,14027609
0.06142676767676766,66.1,66.44,65.89,66.0,14075511
0.06142676767676766,65.92,66.43,65.91,66.1,14848396
0.06142676767676766,67.93,68.42,67.81,68.03,30833581
0.06142676767676766,68.47,68.84,67.79,67.98,19228529
0.06142676767676766,68.0,68.7154,67.36,67.6,22650180
0.06142676767676766,67.42,67.77,67.0,67.43,13604466
0.06142676767676766,67.87,68.65,67.52,68.45,23059294
0.06142676767676766,69.09,69.62,68.75,69.6,22974747
0.06142676767676766,69.57,69.65,68.82,69.42,19095587
0.06142676767676766,68.93,69.2,68.01,68.13,20937926
0.06142676767676766,68.79,69.41,68.71,68.98,18148439
0.06142676767676766,69.13,69.26,68.695,69.04,12961055
0.06142676767676766,69.0,69.86,68.82,68.88,16645925
0.06142676767676766,68.12,68.48,67.92,68.43,19195725
0.06142676767676766,68.0,68.13,67.15,67.22,19147240
0.06142676767676766,67.07,67.47,66.59,66.8,15172831
0.06142676767676766,67.61,68.13,67.41,67.89,15120179
0.06142676767676766,68.58,68.96,67.88,67.97,15471998
0.06142676767676766,68.15,68.37,67.39,67.71,15064540
0.06142676767676766,67.31,67.65,66.51,66.6,14487868
0.06142676767676766,66.39,67.355,66.18,66.58,13628933
0.06142676767676766,66.58,66.78,65.86,65.95,15791091
0.06142676767676766,66.29,66.93,66.25,66.85,13246992
0.06142676767676766,66.21,67.57,66.21,67.23,10031623
0.06142676767676766,67.45,67.91,66.95,67.69,11524823
0.06142676767676766,67.8,68.24,67.71,67.85,11883138
0.06142676767676766,68.08,68.18,67.43,67.81,10797585
0.06142676767676766,66.7,67.77,66.51,67.48,12447985
0.06142676767676766,67.7,68.39,67.69,68.01,9152007
0.06142676767676766,68.15,68.29,67.745,68.03,12439281
0.06142676767676766,68.11,69.0252,67.98,68.58,10720614
0.06142676767676766,67.77,67.945,66.755,67.16,17666243
0.06142676767676766,67.46,67.6,66.85,67.32,11849419
0.06142676767676766,67.385,67.435,65.685,66.06,20307814
0.06142676767676766,65.97,66.92,65.871,66.17,13437956
0.06142676767676766,66.76,67.79,66.37,67.71,17287005
0.06142676767676766,68.22,69.2475,68.1,68.79,15495439
0.06142676767676766,68.69,69.53,68.46,69.39,17467281
0.06142676767676766,69.35,69.75,69.21,69.24,15022089
0.06142676767676766,69.12,69.375,68.905,69.04,18360910
0.06142676767676766,69.38,70.93,69.27,70.6,18027783
0.06142676767676766,70.3,71.7,70.3,71.15,15466007
0.06142676767676766,71.38,72.2,70.82,71.46,19788127
0.06142676767676766,71.45,72.13,71.15,71.76,11509157
0.06142676767676766,71.6,71.64,71.01,71.4,10446623
0.06142676767676766,71.21,71.51,70.321,70.84,10762772
0.06142676767676766,70.85,71.24,70.51,70.94,11553776
0.06142676767676766,72.19,72.97,71.91,72.28,18092199
0.06142676767676766,72.61,72.86,72.02,72.65,13845943
0.06142676767676766,72.55,72.9,72.36,72.74,12777307
0.06142676767676766,73.07,73.89,72.91,73.8,13386345
0.06142676767676766,73.98,74.38,73.85,74.13,11925126
0.06142676767676766,74.18,74.74,73.93,74.06,12904094
0.06142676767676766,74.07,75.93,73.85,75.72,19701222
0.06142676767676766,75.81,76.02,75.1,75.64,16119873
0.06142676767676766,75.83,75.875,75.09,75.39,12830818
0.06142676767676766,75.4,75.54,74.63,75.18,13866584
0.06142676767676766,74.97,75.33,74.66,74.94,18597884
0.06142676767676766,75.82,76.14,72.2725,72.37,40166252
0.06142676767676766,72.1,72.3356,70.91,72.11,30907260
0.06142676767676766,71.38,72.58,71.37,71.77,21169163
0.06142676767676766,72.24,72.72,72.0,72.19,15743771
0.06142676767676766,72.66,73.33,72.55,73.12,15126734
0.06142676767676766,72.35,72.94,71.71,72.88,12322700
0.06142676767676766,73.76,73.88,73.1799,73.53,15634587
0.06142676767676766,73.48,74.01,73.43,73.53,10821466
0.06142676767676766,73.96,74.75,73.73,74.24,15260158
0.06142676767676766,74.48,74.63,73.2601,73.62,14122521
0.06142676767676766,73.66,74.25,73.5958,73.79,13213118
0.06142676767676766,73.43,73.98,73.01,73.87,11309869
0.06142676767676766,73.21,73.91,73.18,73.78,10556913
0.06142676767676766,73.87,74.09,73.2648,73.5,11733543
0.06142676767676766,73.99,74.52,73.81,74.03,11361923
0.06142676767676766,73.95,74.85,73.33,74.74,12997496
0.06142676767676766,74.22,74.39,73.84,74.05,10692579
0.06142676767676766,73.59,74.03,73.17,73.8,12636568
0.06142676767676766,73.78,74.0,72.3199,72.71,17255669
0.06142676767676766,72.39,72.57,71.52,72.34,18710614
0.06142676767676766,71.72,72.76,71.45,72.43,15468706
0.06142676767676766,72.53,72.86,72.11,72.25,12853126
0.06142676767676766,71.67,72.15,71.48,71.99,13500569
0.06142676767676766,71.65,71.805,71.04,71.53,13188856
0.06142676767676766,70.62,72.07,70.02,71.73,17541796
0.06142676767676766,72.11,72.3199,71.51,71.67,12415631
0.06142676767676766,71.16,71.83,70.94,71.33,11812986
0.06142676767676766,71.77,72.3,71.28,72.05,10000030
0.06142676767676766,72.5,72.59,72.13,72.38,9632060
0.06142676767676766,72.45,73.15,72.26,72.26,9146179
0.06142676767676766,72.41,72.52,71.99,72.02,4676099
0.06142676767676766,71.99,72.36,71.305,71.39,12615197
0.06142676767676766,71.44,74.0,71.13,73.7,18048317
0.06142676767676766,74.42,75.77,74.05,75.04,21876367
0.06142676767676766,75.73,76.8893,75.1499,75.5,23179633
0.06142676767676766,75.71,76.24,73.78,75.51,18269756
0.06142676767676766,77.02,77.92,76.62,77.1,23151442
0.06142676767676766,76.98,77.28,76.19,76.54,16045934
0.06142676767676766,76.24,76.5,75.09,75.44,16612465
0.06142676767676766,74.35,75.32,74.26,74.98,19173389
0.06142676767676766,75.32,75.72,74.965,75.71,12460938
0.06142676767676766,75.55,76.13,75.53,75.85,10461659
0.06142676767676766,76.04,76.8,75.5244,76.15,18381856
0.06142676767676766,75.95,76.315,75.05,75.14,20231575
0.06142676767676766,75.25,75.4305,73.78,73.92,24778469
0.06142676767676766,74.5,75.15,74.27,74.77,37121111
0.06142676767676766,75.39,76.005,75.27,75.67,16449299
0.06142676767676766,75.94,76.15,74.65,74.7,17655055
0.06142676767676766,75.37,75.765,74.61,74.66,17643967
0.06142676767676766,74.98,76.08,74.94,75.82,14085694
0.06142676767676766,75.87,75.99,75.05,75.49,12006574
0.06142676767676766,75.45,75.72,74.415,74.78,10882080
0.06142676767676766,74.67,75.08,74.52,74.89,10845092
0.06142676767676766,74.91,75.17,74.84,75.08,8759802
0.06142676767676766,75.17,75.29,74.38,74.41,10074857
