0.15809808087457855,13.87,14.0,13.75,13.97,38618524
0.15809808087457855,13.97,14.0,13.51,13.72,50267536
0.15809808087457855,13.56,13.56,13.05,13.11,61285453
0.15809808087457855,12.9,13.04,12.6,12.7,57846688
0.15809808087457855,13.05,13.1,12.5,12.54,46199413
0.15809808087457855,12.8,12.82,12.55,12.77,41269121
0.15809808087457855,13.03,13.04,12.58,12.85,50983684
0.1200120419486617,12.73,12.84,12.06,12.2,102174690
0.1200120419486617,12.19,12.31,11.82,12.19,62938610
0.1200120419486617,11.81,12.0,11.58,11.97,69029972
0.1200120419486617,12.15,12.16,11.82,11.95,41142617
0.1200120419486617,11.79,12.07,11.47,11.9,59879039
0.1200120419486617,12.01,12.28,11.86,12.01,48841795
0.1200120419486617,12.26,12.36,12.03,12.14,44537806
0.1200120419486617,12.3,12.31,11.93,11.98,96738579
0.08629560915275201,12.14,12.295,12.04,12.26,45969782
0.08629560915275201,12.05,12.1,11.73,11.85,42064238
0.08629560915275201,12.03,12.06,11.2,11.71,75699795
0.08629560915275201,11.83,11.94,11.65,11.94,52137357
0.08629560915275201,11.92,12.14,11.73,12.07,37301185
0.08629560915275201,11.95,12.08,11.45,11.51,55649160
0.08629560915275201,11.67,11.68,11.02,11.46,69454551
0.08629560915275201,11.37,11.69,11.26,11.53,40223130
0.08629560915275201,11.52,11.7,11.42,11.45,33322193
0.08629560915275201,11.39,11.69,11.25,11.59,45274520
0.08629560915275201,11.47,11.61,11.22,11.35,48956776
0.08629560915275201,11.46,11.57,11.33,11.34,38160284
0.08629560915275201,11.17,11.43,11.1,11.17,45801300
0.08629560915275201,11.25,11.58,11.18,11.55,28084963
0.08629560915275201,11.75,11.88,11.525,11.87,41072066
0.08629560915275201,11.99,12.3,11.98,12.27,37766423
0.08629560915275201,12.4,12.44,12.12,12.26,28784704
0.08629560915275201,12.19,12.22,12.01,12.1,26479330
0.08629560915275201,12.24,12.56,12.24,12.56,33549732
0.08629560915275201,12.53,12.65,12.42,12.42,30136719
0.08629560915275201,12.11,12.11,11.6,12.08,60608352
0.08629560915275201,12.11,12.4,12.05,12.39,32024839
0.05450626959247648,12.52,12.59,12.4,12.47,30228775
0.05450626959247648,12.42,12.65,12.39,12.51,32999136
0.05450626959247648,13.01,13.12,12.72,13.09,71523944
0.05450626959247648,13.06,13.35,13.04,13.22,36598221
0.2,13.25,13.61,13.24,13.54,44524495
0.2,13.56,13.86,13.43,13.59,31818610
0.2,13.46,13.74,13.45,13.62,26131387
0.2,13.51,13.575,13.15,13.23,34770641
0.2,13.25,13.32,13.01,13.19,34146206
0.2,13.25,13.28,12.92,13.15,39076472
0.2,13.26,13.3,13.2,13.29,27583191
0.2,13.28,13.37,13.18,13.27,20609628
0.2,13.12,13.24,13.05,13.23,27729910
0.2,13.21,13.51,13.18,13.5,47035012
0.2,13.47,13.68,13.39,13.47,31517604
0.023684210526315783,13.54,13.7,13.49,13.64,32182356
0.023684210526315783,13.64,13.76,13.56,13.66,20905245
0.02189550264550265,13.65,13.73,13.51,13.59,26147996
0.02189550264550265,13.57,13.605,13.1901,13.26,31535467
0.02189550264550265,13.11,13.12,12.78,13.06,36203203
0.02189550264550265,13.13,13.17,13.07,13.09,18684241
0.10206611570247932,13.05,13.2,12.97,13.2,26077380
0.10206611570247932,13.28,13.44,13.245,13.35,25322506
0.10206611570247932,13.34,13.52,13.34,13.5,32943444
0.10206611570247932,13.28,13.3255,13.05,13.1,57914024
0.10206611570247932,13.11,13.12,12.76,12.8,42406306
0.10206611570247932,12.73,12.85,12.52,12.77,32424981
-0.006676410297905622,12.75,12.87,12.65,12.82,22597414
-0.006676410297905622,12.77,12.79,12.39,12.52,37688134
-0.006676410297905622,12.62,12.78,12.51,12.55,20015270
-0.006676410297905622,12.61,12.8,12.58,12.66,27744764
-0.006676410297905622,12.72,12.84,12.66,12.81,23416972
-0.006676410297905622,12.87,13.12,12.85,13.06,29331148
-0.006676410297905622,13.09,13.18,13.02,13.09,22453659
0.09623682476943346,13.1,13.12,12.85,12.94,22986147
0.09623682476943346,12.98,13.28,12.95,13.25,30137670
0.09623682476943346,13.35,13.5,13.28,13.44,28808338
0.09623682476943346,13.42,13.72,13.4,13.64,32199012
0.09623682476943346,13.81,13.88,13.56,13.65,38126272
0.09641619769119773,13.63,13.78,13.51,13.61,28846317
0.09641619769119773,13.59,13.6501,13.47,13.58,19494809
0.09641619769119773,13.66,13.82,13.63,13.76,35214188
0.09641619769119773,13.64,13.71,13.59,13.66,27151410
0.09641619769119773,13.79,14.22,13.71,14.09,87588790
0.09641619769119773,13.93,14.03,13.53,13.56,69695145
0.09641619769119773,13.67,13.79,13.6,13.62,57955420
0.09641619769119773,13.5,13.55,13.15,13.43,45594043
0.18977272727272723,13.29,13.38,13.14,13.31,28894964
0.18977272727272723,13.35,13.43,13.22,13.32,23838052
0.18977272727272723,13.26,13.48,13.2399,13.44,23284500
0.18977272727272723,13.42,13.5,13.28,13.32,21602009
0.18977272727272723,13.38,13.52,13.38,13.49,23583376
0.18977272727272723,13.44,13.54,13.3,13.32,20229580
0.18977272727272723,13.4,13.47,13.17,13.35,24784344
0.18977272727272723,13.34,13.52,13.17,13.22,27481877
0.18977272727272723,13.22,13.375,13.21,13.32,21262679
0.18977272727272723,13.14,13.31,13.07,13.14,34165259
0.18977272727272723,13.12,13.34,13.05,13.16,23509660
0.18977272727272723,13.1,13.195,13.02,13.09,24117796
0.18977272727272723,13.15,13.26,13.13,13.19,19465010
0.18977272727272723,13.14,13.2,13.11,13.13,16234326
0.18977272727272723,13.16,13.3,13.16,13.29,19721644
0.18977272727272723,13.33,13.6,13.33,13.52,26236076
0.18977272727272723,13.59,13.68,13.37,13.46,18369850
0.18977272727272723,13.48,13.5401,13.4,13.45,17263287
0.18977272727272723,13.49,13.56,13.4,13.49,26096015
0.2403985507246377,13.43,13.44,12.97,13.11,58219591
0.2403985507246377,13.09,13.32,13.045,13.21,41614613
0.2403985507246377,13.14,13.14,12.9,13.04,39850658
0.2403985507246377,13.08,13.21,13.04,13.18,25588674
0.2403985507246377,13.23,13.45,13.18,13.38,27656945
0.2403985507246377,13.45,13.49,13.35,13.36,18084759
0.2403985507246377,13.26,13.3,13.14,13.26,19873758
0.2403985507246377,13.17,13.25,13.05,13.1,27382718
0.2403985507246377,13.07,13.13,12.96,12.98,20745750
0.2403985507246377,12.99,13.07,12.76,12.84,30545958
0.2403985507246377,12.91,13.16,12.88,13.01,25829659
0.2403985507246377,12.93,13.14,12.85,13.12,26581169
0.10262896825396826,13.16,13.4,13.15,13.26,37364863
0.10262896825396826,13.39,13.55,13.39,13.42,29666741
0.10262896825396826,13.44,13.44,13.18,13.22,36721839
0.10262896825396826,13.23,13.31,13.15,13.18,20666602
0.10262896825396826,13.29,13.41,13.28,13.4,24579723
0.10262896825396826,12.79,12.905,12.45,12.52,96887304
0.10262896825396826,12.43,12.43,12.0,12.16,52820912
0.10262896825396826,12.42,12.44,12.21,12.39,40640389
0.10262896825396826,12.49,12.58,12.36,12.55,31937932
0.10262896825396826,12.56,12.57,12.26,12.57,44983767
0.10262896825396826,12.88,12.89,12.685,12.72,45067772
0.10262896825396826,12.57,12.59,12.31,12.4,30243293
0.10262896825396826,12.32,12.58,12.21,12.57,35091212
0.10262896825396826,12.57,12.84,12.57,12.75,33472953
0.10262896825396826,12.89,13.17,12.89,13.09,45945187
0.10262896825396826,13.17,13.33,13.13,13.27,28626257
0.10262896825396826,13.38,13.54,13.38,13.45,31320103
0.10262896825396826,13.49,13.51,13.31,13.48,26779837
0.10262896825396826,13.57,13.7,13.55,13.59,31802953
0.10262896825396826,13.63,13.67,13.53,13.57,19546317
0.10262896825396826,13.56,13.68,13.42,13.65,22545937
0.10262896825396826,13.56,13.72,13.5,13.65,26183383
0.10262896825396826,13.61,13.78,13.56,13.74,22588923
0.10262896825396826,13.87,14.04,13.86,13.92,40778639
0.10262896825396826,13.92,13.93,13.71,13.84,25134104
0.10262896825396826,13.86,13.95,13.76,13.84,26248463
0.10262896825396826,13.73,13.88,13.69,13.86,28467227
0.10262896825396826,13.86,13.99,13.75,13.84,34625494
0.10262896825396826,12.78,12.86,12.45,12.71,142168574
0.10262896825396826,12.61,12.88,12.6,12.66,59754088
0.10262896825396826,12.61,12.62,12.4,12.48,51963117
0.08369039016191712,12.35,12.36,11.9,11.94,101624914
0.08369039016191712,12.02,12.2,11.94,12.13,47323303
0.08369039016191712,12.12,12.23,12.05,12.08,38443181
0.08369039016191712,12.16,12.26,12.16,12.19,31219542
0.08369039016191712,12.22,12.33,12.15,12.18,33310587
0.08369039016191712,12.16,12.375,12.15,12.31,30097768
0.08369039016191712,12.3,12.36,12.23,12.25,24555796
0.08369039016191712,12.31,12.37,12.2639,12.31,24987265
0.06217948717948718,12.29,12.37,12.25,12.33,18816854
0.06217948717948718,12.37,12.44,12.36,12.43,16371100
0.06217948717948718,12.35,12.43,12.33,12.34,20450106
0.06217948717948718,12.33,12.39,12.23,12.39,23434544
0.06217948717948718,12.33,12.36,12.265,12.33,23629454
0.06217948717948718,12.3,12.41,12.25,12.39,21891446
0.06217948717948718,12.35,12.38,12.29,12.36,22458375
0.06217948717948718,12.4,12.43,12.325,12.42,34634133
0.06217948717948718,12.41,12.44,12.28,12.3,19999632
0.06217948717948718,12.3,12.52,12.21,12.47,44713676
0.06217948717948718,12.47,12.55,12.34,12.38,22645892
0.06217948717948718,12.38,12.5,12.38,12.47,22243199
0.06217948717948718,12.46,12.56,12.43,12.55,26040411
0.06217948717948718,12.48,12.61,12.48,12.6,26030649
0.06217948717948718,12.66,12.72,12.35,12.44,40510406
0.06217948717948718,12.53,12.57,12.46,12.5,21079776
0.06217948717948718,12.49,12.67,12.43,12.67,36098940
0.06217948717948718,12.62,12.75,12.62,12.7,22879114
0.06217948717948718,12.5,12.75,12.5,12.73,34017856
-0.002006802721088433,12.61,12.685,12.38,12.38,35733644
-0.002006802721088433,12.32,12.77,12.28,12.7,42690174
-0.002006802721088433,12.53,12.68,12.33,12.38,56549095
0.020650470219435738,12.18,12.31,12.11,12.14,62450611
0.0773303309593632,12.14,12.18,12.06,12.11,57373928
0.1002322364352439,12.05,12.13,12.01,12.11,26271568
0.1002322364352439,12.12,12.33,12.0586,12.11,41175453
0.1002322364352439,12.09,12.19,11.96,12.0,37820775
0.1002322364352439,12.08,12.11,12.01,12.09,32934639
0.1002322364352439,12.17,12.29,12.16,12.18,36136234
0.1002322364352439,12.12,12.22,12.12,12.17,18993510
0.1002322364352439,12.12,12.12,12.0,12.01,26758623
0.1002322364352439,12.02,12.09,11.93,11.98,28965759
0.1002322364352439,12.02,12.09,11.96,12.09,29341515
0.1002322364352439,12.03,12.12,11.95,11.97,23397424
0.1002322364352439,12.0,12.14,11.99,12.07,34903811
0.1002322364352439,12.06,12.15,12.02,12.1,20683081
-0.024753086419753094,12.11,12.25,12.09,12.2,23948703
-0.024753086419753094,12.22,12.53,12.22,12.48,55529059
-0.024753086419753094,12.43,12.505,12.33,12.39,25880883
-0.024753086419753094,12.39,12.42,12.2,12.29,22093202
-0.024753086419753094,12.35,12.38,12.1,12.12,24951437
-0.024753086419753094,12.17,12.17,11.91,11.99,40053504
-0.024753086419753094,12.0,12.01,11.94,11.96,20626954
-0.024753086419753094,11.91,11.91,11.69,11.91,39904190
-0.024753086419753094,11.96,12.0,11.89,11.91,25775674
-0.024753086419753094,11.91,12.0,11.88,11.88,19874994
-0.024753086419753094,11.92,11.93,11.71,11.89,39911254
-0.024753086419753094,11.89,12.05,11.88,12.01,26094001
-0.024753086419753094,12.02,12.03,11.9,11.97,18115983
-0.024753086419753094,11.93,12.04,11.85,12.02,24364204
0.19961580086580086,12.06,12.2,12.06,12.19,33733614
0.19961580086580086,12.05,12.1,11.76,11.85,42485988
0.19961580086580086,11.8,11.93,11.76,11.88,36219863
0.19961580086580086,11.81,11.83,11.6,11.74,48402031
0.19961580086580086,11.74,11.85,11.625,11.72,37142375
0.19961580086580086,11.75,11.81,11.69,11.74,31898380
0.19961580086580086,11.78,11.84,11.5,11.61,35613573
0.19961580086580086,11.51,11.56,11.36,11.4,36229377
0.19961580086580086,11.39,11.46,11.27,11.35,38651451
0.19961580086580086,11.31,11.5,11.3,11.34,24752417
0.19961580086580086,11.52,11.62,11.39,11.58,25120693
0.19961580086580086,11.5,11.51,11.35,11.48,28497894
0.19961580086580086,11.15,11.63,11.07,11.58,60625748
0.19961580086580086,11.58,11.98,11.58,11.94,52756533
0.19961580086580086,11.88,12.4,11.84,12.28,79259270
0.19961580086580086,12.27,12.5,12.02,12.06,56109928
0.06688068181818183,12.06,12.1393,11.95,12.04,31498503
0.1688051948051948,12.0,12.05,11.92,12.0,25195460
0.1688051948051948,11.9,11.96,11.78,11.87,38502535
0.052439624738234845,11.87,11.9,11.73,11.76,30662036
0.052439624738234845,11.77,11.9,11.77,11.79,19508608
0.052439624738234845,11.76,11.91,11.73,11.89,24274734
0.052439624738234845,11.9,12.0,11.85,11.9,22418351
0.052439624738234845,11.95,12.06,11.93,12.04,11439553
0.052439624738234845,12.02,12.05,11.89,11.92,24407192
0.09133522727272728,11.93,12.0,11.87,11.92,23690847
-0.07089646464646464,11.97,12.14,11.92,11.96,47646220
-0.07089646464646464,12.23,12.8,12.18,12.43,95143559
0.17291028911564627,12.58,12.58,12.15,12.24,38689842
0.15370386192754612,12.31,12.5,12.29,12.44,36219973
0.13433605535878262,12.4,12.59,12.37,12.56,23923916
0.13433605535878262,12.59,13.15,12.54,13.06,58600423
0.13433605535878262,13.07,13.15,12.97,13.03,41459537
0.13433605535878262,13.0,13.2,12.91,13.17,45256112
0.13433605535878262,13.08,13.1,12.81,12.82,39596135
0.13433605535878262,12.84,12.88,12.75,12.77,39570500
0.13433605535878262,12.65,12.7905,12.5,12.53,42820123
0.045183326774235866,12.54,12.72,12.52,12.58,23774842
0.045183326774235866,12.66,12.7,12.5615,12.63,28354939
0.045183326774235866,12.59,12.795,12.59,12.66,22830013
0.0522372340920728,12.7,12.82,12.68,12.78,17834041
0.0522372340920728,12.73,12.77,12.64,12.64,18117060
0.0522372340920728,12.63,12.64,12.4,12.4,27821071
0.0522372340920728,12.43,12.46,12.36,12.46,15621178
0.0522372340920728,12.43,12.51,12.36,12.39,19467440
0.0522372340920728,12.37,12.45,12.22,12.25,26875381
0.0522372340920728,12.25,12.31,12.22,12.23,19819081
0.0522372340920728,12.24,12.28,12.08,12.13,27405736
0.1278296781106368,12.2,12.6,12.13,12.59,40510821
0.149901464437334,12.77,13.27,12.74,13.17,77638075
0.06563941160879937,13.21,13.22,12.63,12.77,75628443
0.02676767676767676,12.8,12.84,12.64,12.76,40315887
0.16180735930735932,12.79,12.86,12.63,12.63,39438393
0.16180735930735932,12.7,13.02,12.66,12.85,58703537
0.16180735930735932,12.71,12.72,12.51,12.67,49718725
0.16180735930735932,12.66,12.68,12.35,12.59,36493266
0.16180735930735932,12.62,12.67,12.5,12.63,29197105
0.16180735930735932,12.65,12.73,12.54,12.61,49069459
0.16180735930735932,12.43,12.45,12.3,12.41,33830795
0.16180735930735932,12.4,12.56,12.34,12.43,30135566
0.16180735930735932,12.45,12.48,12.31,12.36,29269964
0.16180735930735932,12.35,12.38,12.22,12.31,31670705
0.0062500000000000056,12.35,12.61,12.335,12.61,34625204
0.0062500000000000056,12.71,12.8,12.64,12.79,46747840
-0.014276695526695523,12.65,12.68,12.35,12.37,55672778
-0.014276695526695523,12.48,12.54,12.38,12.49,34613088
-0.014276695526695523,12.46,12.46,12.28,12.37,39254173
-0.014276695526695523,12.31,12.39,12.19,12.36,46974479
0.08907251082251083,12.45,12.58,12.22,12.32,44396812
0.08907251082251083,12.3,12.37,12.23,12.28,29035383
0.08907251082251083,12.42,12.62,12.39,12.56,38245251
0.08907251082251083,12.55,12.615,12.46,12.52,26916768
0.08907251082251083,12.5,12.52,12.31,12.34,32914413
0.08907251082251083,12.34,12.45,12.27,12.38,26411417
0.08907251082251083,12.4,12.47,12.35,12.38,32924624
0.08907251082251083,12.44,12.51,12.37,12.51,32996465
0.08907251082251083,12.54,12.62,12.48,12.56,24473996
0.08907251082251083,12.64,12.7,12.59,12.65,28355725
0.024612684580004845,12.62,12.64,12.55,12.63,25114438
0.024612684580004845,12.61,12.64,12.48,12.54,22896525
0.024612684580004845,12.5,12.58,12.42,12.58,26407405
0.024612684580004845,12.61,12.72,12.61,12.69,29156181
0.024612684580004845,12.66,12.765,12.65,12.67,24787512
0.024612684580004845,12.7,12.715,12.55,12.56,22520597
0.024612684580004845,12.51,12.51,12.38,12.47,40817305
0.024612684580004845,12.49,12.68,12.43,12.66,41713096
0.024612684580004845,12.63,12.659,12.45,12.53,36089848
0.024612684580004845,12.66,12.75,12.65,12.69,36178588
0.024612684580004845,12.72,12.745,12.58,12.66,33245050
0.024612684580004845,12.66,12.71,12.53,12.65,30493532
0.024612684580004845,12.58,12.6,12.5,12.52,28753623
0.024612684580004845,12.51,12.525,12.42,12.46,25906933
0.024612684580004845,12.5,12.64,12.46,12.53,27327834
0.024612684580004845,12.54,12.54,12.4,12.5,29149095
0.024612684580004845,12.55,12.63,12.47,12.53,34866054
0.024612684580004845,12.56,12.63,12.5,12.54,22625831
0.024612684580004845,12.51,12.56,12.45,12.55,26956658
0.024612684580004845,12.56,12.65,12.52,12.65,34296197
0.024612684580004845,12.65,12.72,12.59,12.7,28954694
0.024612684580004845,12.74,12.74,12.45,12.48,54929115
0.024612684580004845,12.48,12.49,12.25,12.28,45329650
0.024612684580004845,12.3,12.32,11.7,11.72,101559879
0.024612684580004845,11.78,11.83,11.62,11.77,71107861
0.024612684580004845,11.57,11.75,11.5,11.67,71209260
0.024612684580004845,11.66,11.765,11.55,11.62,43772442
0.024612684580004845,11.51,11.55,11.41,11.46,57713419
0.07299783549783549,11.51,11.8,11.48,11.65,57662806
0.12594623179850456,11.73,11.76,11.64,11.68,35795737
0.12594623179850456,11.67,11.74,11.61,11.68,28008241
0.12594623179850456,11.66,11.68,11.6,11.64,26717520
0.12594623179850456,11.64,11.64,11.28,11.44,65671114
0.11348953374726575,11.38,11.48,11.28,11.37,40068175
0.07238393790117927,11.48,11.495,11.25,11.26,43316140
0.07238393790117927,11.27,11.36,11.22,11.27,36165281
0.07238393790117927,11.26,11.31,11.21,11.23,28864243
0.07238393790117927,11.26,11.35,11.24,11.25,25857108
0.10122655122655123,11.27,11.28,11.17,11.28,36366316
0.10122655122655123,11.27,11.295,11.2,11.23,56588425
0.061539098693703956,11.22,11.25,11.11,11.11,32789905
0.061539098693703956,11.22,11.3,11.14,11.28,44731735
0.061539098693703956,11.15,11.18,11.08,11.14,35659989
0.061539098693703956,11.19,11.28,11.17,11.19,37524445
0.061539098693703956,11.25,11.5,11.24,11.47,49990191
0.061539098693703956,11.46,11.48,11.32,11.34,26076186
0.061539098693703956,11.48,11.5,11.36,11.43,41071326
0.08116883116883118,11.47,11.5,11.43,11.48,35862521
0.08116883116883118,11.47,11.7,11.45,11.6,51685768
0.08116883116883118,11.66,11.68,11.34,11.47,50203741
0.08116883116883118,11.51,11.51,11.4,11.47,41415145
0.08116883116883118,11.49,11.54,11.4,11.42,32118379
0.08116883116883118,11.3,11.37,10.9,10.92,99514739
0.08116883116883118,10.92,11.09,10.91,11.07,57290560
0.08116883116883118,11.09,11.11,10.96,11.0,34637854
0.08116883116883118,11.01,11.16,10.98,11.14,28926001
0.08116883116883118,11.18,11.24,11.09,11.13,35561764
0.08116883116883118,11.14,11.255,11.1,11.16,44142864
0.038657407407407404,11.16,11.2,11.03,11.04,34989254
0.038657407407407404,11.04,11.07,10.97,11.01,29276286
0.038657407407407404,11.0,11.03,10.9,10.92,34264277
0.038657407407407404,10.96,11.03,10.92,10.94,27359494
0.038657407407407404,11.06,11.07,10.9,10.94,42130215
0.1366017316017316,10.88,10.95,10.67,10.76,54670105
0.1366017316017316,10.73,10.82,10.7,10.79,37890811
0.1366017316017316,10.81,10.94,10.79,10.87,32431694
0.10712632880355294,11.11,11.13,10.98,11.1,73334997
0.10885197599071302,11.16,11.165,10.97,11.05,40816647
0.10885197599071302,11.06,11.06,10.87,10.96,46732734
0.07818894068894068,10.96,10.97,10.76,10.86,46269245
0.07818894068894068,10.85,10.945,10.81,10.93,28176454
0.07818894068894068,11.0,11.12,10.99,11.08,36082622
0.07818894068894068,11.12,11.13,11.0,11.12,36398667
0.07818894068894068,11.25,11.54,11.1,11.41,76707185
0.07818894068894068,11.42,11.43,11.24,11.35,45924954
0.07818894068894068,11.36,11.36,11.225,11.25,42558570
0.07818894068894068,11.19,11.2,11.05,11.12,44543687
0.07818894068894068,11.16,11.19,11.02,11.07,37344208
0.07818894068894068,10.94,11.1,10.91,11.1,40757441
0.07818894068894068,11.09,11.15,11.01,11.13,30285939
0.07818894068894068,11.13,11.36,11.13,11.28,38473144
0.07818894068894068,11.315,11.35,11.15,11.27,29889309
0.07818894068894068,11.28,11.29,11.06,11.22,44367883
0.07241300366300364,11.15,11.29,11.14,11.24,28431606
0.20740694490694486,11.24,11.24,11.07,11.22,54035414
0.20740694490694486,11.2,11.28,11.18,11.24,30540890
0.04696969696969697,11.21,11.22,11.09,11.12,31971454
0.04696969696969697,11.15,11.15,11.0,11.04,37002531
0.04696969696969697,11.02,11.18,11.0,11.13,26972816
0.04696969696969697,11.1,11.13,11.0,11.04,45190204
0.04696969696969697,11.06,11.2,11.055,11.18,31316763
0.04696969696969697,11.17,11.2,11.06,11.08,28491614
0.04696969696969697,11.11,11.17,11.07,11.09,31819976
0.04696969696969697,11.13,11.2,11.07,11.17,32917042
0.04696969696969697,11.18,11.28,11.16,11.19,41074990
0.04696969696969697,11.36,11.685,11.25,11.56,43949588
0.04696969696969697,11.51,11.56,11.26,11.3,39412233
0.04696969696969697,11.29,11.36,11.17,11.18,31935984
0.04696969696969697,11.21,11.28,11.16,11.26,20871848
0.04696969696969697,11.24,11.35,11.23,11.34,18881282
0.04696969696969697,11.31,11.43,11.3,11.38,25914333
0.04696969696969697,11.41,11.62,11.4,11.47,33088184
0.04696969696969697,11.46,11.69,11.45,11.6,33650806
0.04696969696969697,11.645,11.73,11.6,11.68,39792182
0.04696969696969697,11.71,11.75,11.65,11.74,24394237
0.04696969696969697,11.72,11.75,11.67,11.75,24625242
0.04696969696969697,11.76,11.83,11.74,11.83,26225866
0.04696969696969697,11.69,11.78,11.66,11.7,30315108
0.04696969696969697,11.59,11.62,11.46,11.53,27630584
0.04696969696969697,11.51,11.55,11.27,11.29,48123427
0.04696969696969697,11.3,11.375,11.22,11.27,52854343
0.04696969696969697,11.14,11.16,10.95,11.06,72271733
0.04696969696969697,11.08,11.2,11.03,11.18,38687497
0.04696969696969697,11.15,11.22,11.06,11.17,24864110
0.04696969696969697,11.16,11.23,11.125,11.22,39548561
0.04696969696969697,11.11,11.15,10.87,10.95,65140080
0.04696969696969697,10.98,11.025,10.93,11.0,30890498
0.04696969696969697,11.01,11.05,10.92,10.93,20309320
0.04696969696969697,10.9,10.99,10.78,10.95,29267609
0.04696969696969697,10.94,10.98,10.9,10.92,35013023
0.04696969696969697,10.95,11.0,10.88,10.89,26322101
0.04696969696969697,10.88,10.95,10.83,10.92,32155872
0.04696969696969697,10.88,10.91,10.77,10.77,31903827
0.04696969696969697,10.79,10.84,10.76,10.77,32300117
0.04696969696969697,10.82,10.95,10.79,10.91,26413474
0.04696969696969697,10.92,11.0,10.835,10.84,29266299
0.04696969696969697,10.86,10.9,10.78,10.8,28316308
0.04696969696969697,10.79,10.8,10.6,10.64,35518834
0.04696969696969697,10.62,10.63,10.47,10.56,43998743
0.04696969696969697,10.53,10.655,10.52,10.57,30152540
0.04696969696969697,10.61,10.73,10.61,10.65,28676062
0.04696969696969697,10.61,10.78,10.59,10.71,35405768
0.04696969696969697,10.75,10.8,10.69,10.71,33584388
0.04696969696969697,10.77,10.88,10.76,10.82,35926827
0.04696969696969697,10.86,10.88,10.73,10.79,22307395
0.04696969696969697,10.75,10.89,10.73,10.84,29807261
0.04696969696969697,10.82,10.94,10.77,10.94,23629293
0.04696969696969697,10.97,11.2,10.95,11.03,54208921
0.04696969696969697,11.18,11.43,11.14,11.35,64560278
0.04696969696969697,11.36,11.39,11.24,11.36,44142351
0.04696969696969697,11.39,11.53,11.389,11.5,43279041
0.04696969696969697,11.52,11.52,11.33,11.4,30271005
0.04696969696969697,11.34,11.39,11.29,11.36,26633932
0.04696969696969697,11.4,11.45,11.38,11.41,43375019
0.04696969696969697,11.43,11.67,11.39,11.59,41386669
0.04696969696969697,11.6,11.63,11.52,11.62,23302152
0.04696969696969697,11.6,11.68,11.48,11.56,31696274
0.04696969696969697,11.54,11.63,11.49,11.62,30865470
0.04696969696969697,11.63,11.73,11.595,11.63,25132356
0.04696969696969697,11.63,11.74,11.62,11.72,26392861
0.04696969696969697,11.68,11.795,11.635,11.71,26705319
0.04696969696969697,11.71,11.82,11.69,11.72,40319429
0.04696969696969697,11.74,11.87,11.72,11.84,30196459
0.04696969696969697,11.88,12.06,11.84,11.94,40766002
0.04696969696969697,11.95,12.0,11.9,11.93,30646723
0.04696969696969697,11.98,12.02,11.86,11.95,28412202
0.04696969696969697,11.95,11.99,11.9,11.96,23105656
0.04696969696969697,11.97,12.02,11.92,11.97,31227515
0.04696969696969697,12.0,12.09,11.97,12.09,36019960
0.04696969696969697,12.32,12.43,12.22,12.34,65641714
0.04696969696969697,12.33,12.46,12.28,12.3,52909843
0.04696969696969697,12.34,12.36,12.15,12.25,48145783
0.04696969696969697,12.2,12.33,12.1925,12.31,35091790
0.04696969696969697,12.33,12.41,12.25,12.34,28924795
0.04696969696969697,12.34,12.42,12.25,12.39,40586234
0.04696969696969697,12.38,12.43,12.31,12.38,34953438
0.04696969696969697,12.3,12.32,12.11,12.12,45924434
0.04696969696969697,12.06,12.17,11.87,12.05,44597334
0.04696969696969697,11.99,12.15,11.96,12.12,32349675
0.04696969696969697,12.13,12.31,12.12,12.27,55273235
0.04696969696969697,12.28,12.35,12.17,12.19,30783686
0.04696969696969697,12.14,12.25,12.05,12.23,29678158
0.04696969696969697,12.12,12.14,12.0,12.1,28171651
0.04696969696969697,12.11,12.19,12.04,12.04,21504813
0.04696969696969697,12.11,12.26,12.0909,12.19,34651185
0.04696969696969697,12.15,12.15,11.97,12.07,38444556
0.04696969696969697,12.2,12.34,12.06,12.27,49003126
0.04696969696969697,12.23,12.24,12.0101,12.06,33925366
0.04696969696969697,12.01,12.15,11.95,12.1,36457435
0.04696969696969697,12.15,12.3,12.129,12.27,42010246
0.04696969696969697,12.4,12.47,12.2752,12.35,43495830
0.04696969696969697,12.33,12.43,12.26,12.42,40923421
0.04696969696969697,12.41,12.46,12.32,12.36,33220261
0.04696969696969697,12.36,12.43,12.3,12.33,20178513
0.04696969696969697,12.35,12.38,12.11,12.16,41536291
0.04696969696969697,12.14,12.16,12.01,12.06,34127543
0.04696969696969697,12.01,12.05,11.93,12.04,26057183
0.04696969696969697,12.0,12.09,11.98,12.01,35298374
0.04696969696969697,12.01,12.22,11.97,12.16,30415855
0.04696969696969697,12.1,12.16,11.99,12.02,25893421
0.04696969696969697,11.97,12.03,11.87,12.0,28441307
0.04696969696969697,12.0,12.05,11.93,12.04,28269046
0.04696969696969697,12.02,12.06,11.985,12.01,31117727
0.04696969696969697,12.03,12.15,12.02,12.13,32352040
0.04696969696969697,12.14,12.225,12.12,12.12,28510260
0.04696969696969697,12.11,12.15,12.05,12.07,36184010
0.04696969696969697,12.1,12.15,12.03,12.1,9549629
0.04696969696969697,12.09,12.19,12.06,12.11,28525156
0.04696969696969697,12.15,12.24,12.08,12.21,33199323
0.04696969696969697,12.24,12.57,12.23,12.56,64865974
0.04696969696969697,12.53,12.65,12.42,12.52,49224189
0.04696969696969697,12.62,12.7,12.35,12.58,52458736
0.04696969696969697,12.65,12.81,12.59,12.63,39558857
0.04696969696969697,12.61,12.62,12.4,12.43,45527163
0.04696969696969697,12.4,12.43,12.28,12.38,28453762
0.04696969696969697,12.395,12.59,12.33,12.53,25417119
0.04696969696969697,12.53,12.61,12.43,12.61,21981870
0.04696969696969697,12.6,12.63,12.51,12.58,44194633
0.04696969696969697,12.56,12.635,12.51,12.6,54370612
0.04696969696969697,12.61,12.725,12.59,12.63,31858995
0.04696969696969697,12.66,12.69,12.41,12.46,37073960
0.04696969696969697,12.52,12.66,12.5,12.58,48655453
0.04696969696969697,12.63,12.75,12.61,12.66,25022657
0.04696969696969697,12.72,12.78,12.66,12.69,23056884
0.04696969696969697,12.74,12.75,12.65,12.72,18989429
0.04696969696969697,12.72,12.77,12.63,12.63,21004663
0.04696969696969697,12.62,12.66,12.56,12.58,17876156
0.04696969696969697,12.57,12.65,12.55,12.6,11664564
0.04696969696969697,12.57,12.58,12.45,12.5,17005626
0.04696969696969697,12.48,12.58,12.47,12.58,14793534
0.04696969696969697,12.58,12.61,12.49,12.49,18362455
