0.05376157407407407,61.11,61.91,60.86,61.52,11626813
0.05376157407407407,61.72,62.59,61.72,62.38,9220645
0.05376157407407407,61.3,62.04,61.15,61.49,6551556
0.05376157407407407,60.39,61.26,59.78,59.85,10881313
0.05376157407407407,60.06,60.79,58.66,58.87,11191253
0.05376157407407407,58.97,60.04,58.535,59.55,12824968
0.05376157407407407,60.35,60.82,59.57,59.94,8292167
0.05376157407407407,60.53,60.53,58.67,58.78,9944268
0.05376157407407407,59.0,59.35,57.28,58.51,9989036
0.05376157407407407,56.93,58.14,56.59,57.56,12208250
0.05376157407407407,58.19,59.07,57.67,58.32,9924279
0.05376157407407407,57.25,59.59,56.75,59.04,16234233
0.05376157407407407,59.08,61.16,59.06,60.56,16121599
0.05376157407407407,61.29,61.47,60.59,60.88,8430089
0.05376157407407407,61.09,61.3,60.62,60.7,10383418
0.05376157407407407,60.49,61.37,60.2715,61.11,8005226
0.05376157407407407,60.96,61.0999,59.2,59.58,8593736
0.05376157407407407,60.32,61.6,59.98,61.2,10207035
0.05376157407407407,61.2,62.16,61.2,62.01,10475161
0.05376157407407407,61.75,63.47,61.7,63.16,8247810
0.05376157407407407,63.02,63.5,62.31,62.55,9458486
0.05376157407407407,62.88,62.9,61.3,62.49,7213516
0.05376157407407407,62.02,62.16,59.99,60.17,10455716
0.05376157407407407,59.76,59.84,56.975,57.17,14415858
0.05376157407407407,56.1,56.21,53.64,55.04,21214515
0.05376157407407407,54.5,56.62,54.28,55.68,10915657
0.05376157407407407,56.54,58.18,55.93,57.41,13376815
0.05376157407407407,56.46,56.91,55.39,56.0,13090937
0.05376157407407407,57.37,57.4475,55.5,56.42,10229492
0.05376157407407407,57.57,58.0,56.82,57.79,8057969
0.05376157407407407,58.6,58.6,57.1,58.17,10332698
0.05376157407407407,58.17,58.96,57.98,58.6,9658703
0.05376157407407407,58.5,59.31,57.63,59.31,10080086
0.05376157407407407,59.65,60.475,59.26,60.17,11523446
0.05376157407407407,60.26,60.74,59.89,60.21,7504589
0.05376157407407407,59.74,60.695,59.2,60.4,10390838
0.05376157407407407,60.68,62.38,60.6299,62.38,8524250
0.05376157407407407,62.64,63.49,62.4657,62.6,8896102
0.05376157407407407,62.46,62.68,61.58,61.59,7720619
0.05376157407407407,61.97,63.1,61.75,62.92,7438258
0.05376157407407407,62.52,62.89,61.5,62.22,8465840
0.05376157407407407,62.05,62.2,60.92,61.47,7924362
0.3359375,61.42,61.5399,60.3801,61.26,7279438
0.3359375,61.07,61.14,58.79,59.25,12829552
0.3359375,59.03,60.6,58.71,59.81,9307915
0.3359375,59.58,59.62,57.95,58.33,12766907
0.3359375,58.7,59.04,57.97,58.88,9402576
0.3359375,59.13,60.44,59.13,60.08,8834380
0.3359375,60.19,61.33,60.1,60.81,7090509
0.3359375,60.5,61.75,60.355,61.4,6191424
0.3359375,61.47,62.23,61.2898,61.86,7018279
0.22842365967365966,61.76,63.38,61.74,63.18,9924755
0.22842365967365966,63.55,63.975,62.85,62.99,13192883
0.22842365967365966,63.55,65.29,63.4,64.72,13635416
0.22842365967365966,64.83,65.44,64.17,64.9,18212861
0.22842365967365966,61.33,63.45,61.15,62.44,26987016
0.22842365967365966,62.06,62.14,61.12,61.65,12231325
0.22842365967365966,61.58,61.98,61.25,61.34,7898992
0.22842365967365966,61.26,61.9,61.25,61.49,7837765
0.22842365967365966,61.77,62.41,61.77,62.04,7859341
0.22842365967365966,61.99,62.64,61.31,61.47,8257807
0.22842365967365966,61.22,61.8199,61.15,61.59,7555272
0.22842365967365966,61.73,61.85,59.42,59.97,16523442
0.22842365967365966,59.62,60.17,59.44,59.67,7554009
0.22842365967365966,59.6,60.68,59.19,60.31,10201539
0.22842365967365966,59.79,60.58,59.71,60.3,7092947
0.22842365967365966,60.49,60.56,59.32,59.42,8761653
0.22842365967365966,59.73,59.78,57.82,57.92,12593383
0.22842365967365966,58.0,58.62,56.89,58.55,12471148
0.22842365967365966,59.02,59.95,58.83,59.58,10629071
0.22842365967365966,59.71,60.34,59.44,59.49,7785161
0.22842365967365966,59.02,59.59,58.39,59.5,7653565
0.22842365967365966,59.38,60.0,59.38,59.57,6075932
0.22842365967365966,59.96,59.99,59.33,59.56,6594446
0.22842365967365966,59.43,60.24,59.43,59.62,7177508
0.22842365967365966,60.53,60.53,59.71,60.08,7156668
0.22842365967365966,60.18,60.22,58.97,59.43,8294326
0.22842365967365966,59.34,59.42,58.76,59.21,6117737
0.22842365967365966,59.31,59.97,59.27,59.54,5582155
0.22842365967365966,59.63,59.73,58.6299,59.27,8094578
0.22842365967365966,58.95,59.89,58.42,58.54,6028575
0.22842365967365966,58.41,59.087,58.1,58.94,8178658
0.22842365967365966,59.09,59.745,58.99,59.59,8647783
0.22842365967365966,59.24,59.845,59.03,59.52,8061257
0.22842365967365966,59.23,59.96,58.82,59.11,8062777
0.22842365967365966,58.94,58.98,58.0,58.19,7845960
0.22842365967365966,58.16,58.44,57.38,58.43,7307963
0.22842365967365966,58.59,59.19,58.45,58.72,5604923
0.22842365967365966,58.61,59.99,58.61,59.2,7600153
0.22842365967365966,58.5,58.6799,56.85,57.01,12822988
0.22842365967365966,57.52,58.34,57.31,57.99,8083739
0.22842365967365966,57.74,58.12,57.28,57.31,7392620
0.22842365967365966,57.27,57.53,56.63,57.14,8045888
0.22842365967365966,57.15,57.375,56.65,57.1,7620685
0.22842365967365966,56.76,56.87,55.67,56.12,11532822
0.22842365967365966,55.82,57.3,55.67,57.04,9376468
0.22842365967365966,55.88,57.06,55.41,56.48,13745298
0.22842365967365966,56.6,56.97,55.95,55.99,7780729
0.22842365967365966,56.05,56.77,55.86,56.59,11098667
0.22842365967365966,56.47,56.69,55.7699,55.99,9921707
0.22842365967365966,56.05,56.36,55.6,55.84,9063054
0.22842365967365966,56.17,56.53,55.98,56.19,8525892
0.22842365967365966,56.41,56.47,55.17,55.22,14233551
0.22842365967365966,53.33,55.04,52.92,54.94,28409319
0.22842365967365966,54.22,54.67,54.22,54.53,13901685
-0.4,54.29,54.57,53.4,53.45,17265816
-0.4,53.77,54.54,53.69,54.3,13808332
-0.4,54.16,54.3492,53.55,53.55,13333980
-0.4,53.83,54.34,53.66,54.12,12068525
-0.4,54.11,55.05,53.88,54.94,11609794
0.1332984811798371,54.64,55.36,54.55,55.11,12183598
0.1332984811798371,55.0,55.64,54.88,54.91,8582181
0.1332984811798371,54.58,54.94,54.08,54.12,9585598
0.1332984811798371,54.24,55.06,54.24,54.31,7498386
0.1332984811798371,53.54,53.64,52.94,53.47,14456484
0.1332984811798371,53.45,53.87,53.16,53.71,11007105
0.1332984811798371,54.23,55.15,54.23,54.36,8429371
0.1332984811798371,54.46,55.09,54.44,54.77,8278214
0.1332984811798371,55.0,55.14,54.53,54.57,7019646
0.1332984811798371,55.11,55.18,53.95,54.12,11219782
0.1332984811798371,52.36,53.36,52.18,52.59,18481189
0.1332984811798371,52.0,52.52,51.475,51.89,15374062
0.1332984811798371,52.04,53.195,51.57,53.09,20837781
0.1332984811798371,54.5,55.14,52.89,55.13,36084771
0.1332984811798371,55.29,55.43,54.6,55.2,17350521
0.1332984811798371,55.07,55.81,54.91,55.61,9285096
0.1332984811798371,55.34,55.91,55.01,55.2,10256124
0.1332984811798371,54.88,55.81,54.82,55.8,7863399
0.1332984811798371,55.8,55.975,55.56,55.92,6947979
0.1332984811798371,56.1,56.82,56.09,56.72,8645942
0.1332984811798371,56.83,57.23,56.71,56.83,8122521
0.1332984811798371,57.09,58.2,57.07,58.06,11164368
0.1332984811798371,58.18,58.4394,57.73,57.99,9126459
0.1332984811798371,58.3,58.6,58.15,58.49,7488355
0.1332984811798371,58.59,58.865,57.87,57.87,9225206
0.1332984811798371,58.0,58.16,57.74,57.74,6478896
0.1332984811798371,57.46,57.77,57.15,57.76,7442696
0.1332984811798371,57.99,58.1,57.74,57.76,5872418
0.1332984811798371,57.99,58.03,56.57,56.99,8317259
0.1332984811798371,56.82,56.96,56.425,56.73,8614746
0.1332984811798371,56.87,57.15,56.46,57.14,7256291
0.1332984811798371,57.2,57.8689,56.25,56.37,8546691
0.1332984811798371,56.5,57.0,55.47,55.79,10295407
0.1332984811798371,55.59,55.81,54.98,55.45,9574064
0.1332984811798371,55.27,55.66,55.208,55.5,6353444
0.1332984811798371,55.73,55.87,55.3,55.41,6268392
0.1332984811798371,55.23,55.28,54.78,54.92,7145600
0.1332984811798371,54.55,55.185,54.28,54.75,9687312
0.20619227994227995,54.96,55.57,54.65,54.79,8678103
0.20619227994227995,55.32,56.06,55.17,55.85,7512502
0.20619227994227995,56.13,56.39,55.68,55.98,6306977
0.20619227994227995,56.08,56.24,55.69,55.77,8044357
0.20619227994227995,55.95,56.18,55.07,55.13,6881449
0.20619227994227995,55.63,56.89,55.48,56.73,9539467
0.20619227994227995,56.7,56.755,56.13,56.45,5393354
0.02341269841269841,56.65,57.06,56.62,56.77,4836335
0.02341269841269841,56.8,57.035,56.42,56.88,4901794
0.02341269841269841,56.87,56.97,56.54,56.86,7340541
0.02341269841269841,56.99,57.46,56.895,57.21,6043620
0.02341269841269841,57.4,59.14,57.25,58.9,15987096
0.02341269841269841,58.82,59.4552,58.65,58.66,8265962
0.02341269841269841,58.8,59.8,58.8,59.62,8222759
0.02341269841269841,59.89,60.33,59.72,60.22,11379038
0.02341269841269841,60.01,60.15,59.03,59.24,8713898
0.02341269841269841,58.57,59.2,58.3,59.0,9994300
0.02341269841269841,59.2,59.25,58.53,58.63,5831027
0.02341269841269841,58.46,58.76,57.85,58.0,6344565
0.02341269841269841,57.86,58.28,57.185,57.65,7723638
0.02341269841269841,57.67,58.55,57.53,58.54,8224952
0.02341269841269841,58.63,59.18,57.99,58.02,6933123
0.02341269841269841,58.25,58.38,57.21,57.41,9771751
0.02341269841269841,57.48,57.78,57.01,57.72,7536144
0.02341269841269841,56.88,57.27,56.11,56.17,12741924
0.02341269841269841,55.88,56.0,55.265,55.33,11310403
0.02341269841269841,55.0,56.115,54.95,56.01,7470941
0.02341269841269841,55.86,55.94,55.12,55.37,7359422
0.02341269841269841,55.16,55.56,54.93,55.13,7621197
0.02341269841269841,55.0,55.54,54.81,55.47,6316251
0.02341269841269841,55.24,55.36,55.05,55.18,11715439
0.02341269841269841,55.38,55.47,54.93,54.95,7671328
0.02341269841269841,55.26,55.44,54.76,54.87,8562999
0.02341269841269841,55.02,55.38,54.61,55.34,8041695
0.02341269841269841,55.47,55.98,55.24,55.41,8052393
0.02341269841269841,55.02,55.71,54.91,55.15,8921732
0.02341269841269841,54.8,55.0,54.075,54.4,11629568
0.03988696488696488,54.25,55.54,53.9,55.34,17945212
0.03988696488696488,54.6,54.9965,52.8,53.25,33213008
0.03988696488696488,52.92,53.58,52.12,52.16,16993949
0.03988696488696488,52.57,53.06,52.28,52.65,12940220
0.03988696488696488,52.54,53.0,52.42,52.67,7632543
0.03988696488696488,52.9,53.06,52.08,52.14,10737412
0.03988696488696488,52.15,52.64,52.1,52.12,7244125
0.03988696488696488,52.2,52.33,51.97,52.03,9391723
0.03988696488696488,52.42,52.46,51.68,51.79,8407084
0.03988696488696488,52.13,52.25,51.77,51.79,5469323
0.03988696488696488,51.95,52.25,51.52,51.82,9203523
0.03988696488696488,52.01,52.71,51.8,52.44,9301264
0.03988696488696488,52.12,52.32,51.5,52.03,8425755
0.03988696488696488,52.38,52.5,51.62,51.62,7133784
0.03988696488696488,51.65,51.75,50.96,51.03,7904002
0.03988696488696488,51.3,51.66,51.19,51.22,6805166
0.03988696488696488,51.34,51.84,51.14,51.8,6998963
0.03988696488696488,51.77,52.36,51.69,51.89,6590489
0.03988696488696488,51.74,51.87,51.25,51.77,9161003
0.03988696488696488,52.16,52.29,51.83,51.87,7578184
0.03988696488696488,50.97,51.44,50.71,51.05,14975302
0.03988696488696488,50.95,52.27,50.9,51.97,12401117
0.03988696488696488,52.34,52.34,51.69,51.89,7939188
0.03988696488696488,52.12,52.5,51.79,52.02,9096719
0.03988696488696488,50.88,51.15,50.0,50.18,17931262
0.03988696488696488,50.5,50.51,49.14,49.62,14100431
0.03988696488696488,49.24,50.27,49.01,49.72,10775938
0.03988696488696488,49.98,50.0,49.31,49.73,7678690
0.03988696488696488,49.8,50.45,49.76,49.96,9925196
0.03988696488696488,50.48,50.93,50.28,50.91,8358692
0.03988696488696488,51.1,51.49,50.953,51.08,8111362
0.03988696488696488,50.07,51.27,49.8,51.12,9058575
0.03988696488696488,51.29,51.37,50.33,50.39,12316075
0.03988696488696488,50.22,50.85,50.18,50.77,6300607
0.03988696488696488,51.18,51.19,50.21,50.21,8063943
0.03988696488696488,50.46,50.64,49.75,50.13,9299754
0.03988696488696488,50.0,50.8,49.95,50.68,6760291
0.03988696488696488,50.94,51.6725,50.72,51.59,7671568
0.03988696488696488,51.39,51.89,50.96,51.1,7461602
0.03988696488696488,51.0,51.42,50.9527,51.28,5357204
0.03988696488696488,51.47,51.75,51.05,51.71,5228142
0.03988696488696488,51.71,51.85,51.2,51.34,4148968
0.03988696488696488,51.68,51.74,51.35,51.52,2736767
-0.16666666666666666,51.44,51.44,50.61,51.01,8602118
-0.16666666666666666,51.2,51.37,50.57,50.63,6065682
-0.16666666666666666,50.52,50.81,50.07,50.07,8198418
-0.16666666666666666,50.11,51.25,50.06,50.65,7610063
-0.16666666666666666,50.26,50.68,50.105,50.46,6933279
-0.16666666666666666,50.8,52.27,50.7,51.85,12031170
-0.16666666666666666,50.83,51.1,50.26,50.57,12496332
-0.16666666666666666,50.79,52.25,50.5968,52.1,10412638
-0.16666666666666666,52.15,52.47,51.45,51.55,9260850
-0.16666666666666666,51.76,51.9699,51.5,51.72,5869828
-0.16666666666666666,51.5,51.9,50.94,51.54,11459410
-0.16666666666666666,51.83,53.215,51.83,52.3,11442327
-0.16666666666666666,52.24,52.34,51.59,51.79,8012783
-0.16666666666666666,52.0,52.04,51.09,51.29,9567532
-0.16666666666666666,51.6,51.64,50.67,50.92,13984850
-0.16666666666666666,50.91,51.36,50.48,50.85,9451738
-0.16666666666666666,51.06,51.99,50.75,51.79,15984083
-0.0023611111111111077,52.9,53.35,51.55,52.3,23236380
-0.0023611111111111077,52.8,53.0,52.0255,52.14,11798871
-0.0023611111111111077,51.99,52.35,51.67,51.91,9360816
-0.0023611111111111077,51.8,52.25,51.2,51.29,8175000
-0.0023611111111111077,51.31,51.5,50.87,51.02,6318040
-0.0023611111111111077,51.0,51.24,50.88,51.06,4680840
-0.0023611111111111077,51.1,51.33,50.7,50.83,7384258
-0.0023611111111111077,51.99,52.5,51.77,51.98,13295607
-0.0023611111111111077,52.23,53.345,52.09,53.07,13759473
-0.0023611111111111077,52.92,53.1,52.44,53.06,8682193
-0.0023611111111111077,53.09,54.09,52.98,53.91,12532449
-0.0023611111111111077,53.96,53.99,53.215,53.38,8835265
-0.0023611111111111077,53.55,53.7301,53.11,53.11,8041852
-0.0023611111111111077,53.12,53.29,52.665,52.69,8208307
-0.0023611111111111077,52.51,52.69,52.16,52.4,7368654
-0.0023611111111111077,52.59,52.93,52.23,52.92,6694367
0.2150793650793651,53.4,53.95,53.01,53.65,9888451
0.2150793650793651,53.86,53.89,52.86,53.27,6743094
0.2150793650793651,53.84,53.94,52.89,52.93,8320612
0.2150793650793651,53.22,53.352,52.9,53.2,7861047
0.2150793650793651,53.02,53.26,52.7247,53.24,7025715
0.2150793650793651,53.02,53.57,52.99,53.45,6321310
0.2150793650793651,53.73,54.12,53.69,53.86,6675011
0.2150793650793651,54.11,54.12,53.36,53.65,6202005
0.2150793650793651,53.68,54.08,53.03,53.19,7361878
0.2150793650793651,52.78,53.22,52.41,53.08,9770763
0.2150793650793651,51.68,52.9,51.63,52.9,12342873
0.2150793650793651,52.98,53.26,52.61,53.02,8810937
0.2150793650793651,53.0,53.01,52.4801,52.8,7874179
0.2150793650793651,52.62,52.805,52.25,52.36,8850416
0.2150793650793651,52.09,52.8,52.05,52.8,7355182
0.2150793650793651,53.07,53.28,52.67,52.81,6446876
0.2150793650793651,52.74,53.94,52.7,53.88,9281071
0.2150793650793651,53.93,55.7,53.93,55.31,14345385
0.2150793650793651,55.63,56.47,55.63,56.22,14973383
0.0025162337662337645,56.17,56.34,55.75,56.09,7679800
0.0025162337662337645,55.92,56.69,55.83,56.45,8891430
0.0025162337662337645,56.29,56.76,56.21,56.64,6651971
0.0025162337662337645,56.88,56.92,56.1,56.29,8374192
0.061996336996337,56.12,56.8,55.86,56.75,12637964
0.061996336996337,56.38,57.45,56.2,57.36,10955030
0.061996336996337,57.48,58.38,57.36,58.24,10914088
0.061996336996337,58.11,58.4,57.27,57.39,12316307
0.061996336996337,57.39,58.42,57.07,57.86,9684469
0.061996336996337,57.65,57.83,57.3488,57.69,4375653
0.061996336996337,57.37,57.55,56.855,57.16,7951315
0.061996336996337,57.86,58.03,57.33,57.95,8558904
0.061996336996337,57.9,58.25,57.65,57.8,6438361
0.061996336996337,57.63,57.65,56.51,56.7,9192475
0.061996336996337,56.7,56.93,56.53,56.77,6896754
0.14280891210239036,56.71,56.99,56.02,56.55,7124445
0.05612012987012987,56.94,56.94,56.31,56.51,7604792
0.05612012987012987,56.61,56.66,56.09,56.36,6165660
0.05612012987012987,56.49,56.99,56.26,56.43,8882395
0.05612012987012987,56.4,56.815,56.11,56.67,7235882
0.05612012987012987,56.87,58.01,56.72,57.28,9286917
0.05612012987012987,57.63,57.99,56.75,57.66,10067524
0.00743388429752066,57.43,57.72,56.83,57.6,9894955
0.00743388429752066,57.77,57.885,57.31,57.8,10791471
0.00743388429752066,58.0,58.81,57.96,58.68,13352530
0.00743388429752066,58.78,59.0,57.72,58.01,15269827
0.00743388429752066,54.76,55.0,53.76,53.92,37413372
0.00743388429752066,54.61,55.55,54.52,55.37,23848344
0.00743388429752066,55.29,56.64,55.12,56.36,14438573
0.00743388429752066,55.64,56.249,55.54,55.93,8663611
0.008123249299719894,55.99,56.78,55.79,56.62,7823943
0.008123249299719894,56.41,57.1,56.35,56.68,7456208
0.008123249299719894,56.48,56.6,55.81,56.04,7210468
0.008123249299719894,56.0,56.03,55.645,55.73,5905639
0.008123249299719894,55.74,55.8,55.15,55.56,7088838
0.008123249299719894,55.15,55.3,54.83,55.04,8843296
0.008123249299719894,54.97,55.8,54.5,54.98,7722093
0.008123249299719894,55.07,55.94,54.94,55.14,6692225
0.008123249299719894,55.1,55.24,54.77,55.11,6078250
0.008123249299719894,55.0,55.33,54.721,54.9,5472680
0.008123249299719894,54.95,55.0699,54.55,54.92,4348643
0.008123249299719894,54.66,55.62,54.5,55.57,8504108
0.008123249299719894,55.41,55.6,55.26,55.34,5282110
0.008123249299719894,55.32,56.335,55.25,56.24,7688742
0.008123249299719894,56.02,56.42,55.8,56.11,5651118
0.008123249299719894,56.16,56.22,55.74,55.86,5947674
0.008123249299719894,55.96,56.69,55.881,56.4,6867130
0.008123249299719894,56.29,56.38,55.68,55.85,6055624
0.008123249299719894,56.14,56.21,55.47,55.47,10777733
0.008123249299719894,55.53,55.77,55.41,55.45,8970970
0.008123249299719894,55.46,55.84,55.12,55.16,10936009
0.008123249299719894,55.18,55.57,54.91,55.47,8557987
0.008123249299719894,55.43,55.53,55.14,55.41,6437731
0.008123249299719894,55.43,55.45,54.98,54.99,4881442
0.008123249299719894,55.12,55.16,54.79,55.07,7363616
0.008123249299719894,55.17,55.3,54.4,54.53,9474727
0.1195015023028722,54.68,54.83,54.2,54.47,6830395
0.1195015023028722,54.41,54.5,53.56,53.95,13379949
0.1195015023028722,54.18,54.51,53.83,54.3,8728121
0.1195015023028722,54.33,55.08,54.16,54.89,6441208
0.1195015023028722,54.91,55.06,54.51,54.56,5823023
0.1195015023028722,54.52,54.52,53.4,54.24,6499597
0.1195015023028722,54.1,54.39,53.79,54.2,5606253
0.1195015023028722,54.12,54.2,53.68,53.77,8201722
0.1195015023028722,52.37,53.38,52.12,52.78,14562678
0.1195015023028722,52.39,52.87,51.8,51.8,18341473
0.1195015023028722,51.97,52.08,51.3,51.68,22576489
0.1195015023028722,51.0,52.11,50.81,51.77,20047766
0.1195015023028722,51.77,51.96,51.4,51.57,13671543
0.1195015023028722,51.98,52.625,51.88,52.2,11087298
0.1195015023028722,52.25,52.3,51.74,52.01,9404281
0.1195015023028722,52.38,52.59,52.21,52.35,7627454
0.1195015023028722,52.35,52.76,52.23,52.59,5921314
0.1195015023028722,52.76,53.02,52.64,52.92,8039561
-0.10583333333333331,53.02,53.2799,52.71,52.99,8938801
-0.10583333333333331,53.06,53.3,52.21,52.3,13352101
-0.10583333333333331,52.7,53.01,52.36,52.98,18511169
-0.10583333333333331,53.0,53.23,52.7,53.01,5748870
-0.10583333333333331,52.9,53.1,52.43,52.48,8923047
-0.10583333333333331,52.79,53.36,52.75,53.23,7438258
-0.10583333333333331,53.54,54.14,53.15,53.2,7785615
-0.10583333333333331,53.2,53.47,52.8,53.46,8347402
-0.10583333333333331,53.51,54.25,53.5,54.03,9180135
-0.10583333333333331,54.03,54.66,53.84,54.31,8720065
-0.10583333333333331,54.48,54.67,53.95,54.66,6783933
-0.016280451574569223,54.0,54.05,52.73,52.9,16041068
-0.016280451574569223,51.75,51.84,50.79,51.1,25725453
-0.016280451574569223,51.42,52.22,51.4,52.02,11265315
-0.016280451574569223,52.05,52.13,51.1,51.56,10676464
-0.016280451574569223,51.9,52.685,51.9,52.59,13021697
-0.016280451574569223,52.6,52.62,52.09,52.4,10660744
-0.016280451574569223,52.15,52.915,51.67,52.85,8522404
-0.016280451574569223,52.95,53.57,52.67,53.28,7966219
-0.016280451574569223,53.19,53.26,52.64,52.95,7873136
-0.016280451574569223,53.17,53.61,52.96,53.36,7527220
-0.016280451574569223,53.33,53.63,52.99,53.17,14801866
-0.016280451574569223,56.6,59.71,56.5,59.0,46552954
-0.016280451574569223,58.37,59.01,58.33,58.65,9910021
-0.016280451574569223,58.24,58.29,57.51,57.56,16166954
-0.016280451574569223,57.45,57.72,57.0,57.16,9035661
-0.016280451574569223,57.4,58.08,57.03,57.98,8145436
-0.016280451574569223,57.89,58.81,57.68,58.73,8942398
-0.016280451574569223,58.54,58.93,58.04,58.18,7222995
-0.016280451574569223,58.31,58.75,58.1,58.22,7243119
-0.016280451574569223,58.22,58.58,57.93,57.94,8108634
-0.016280451574569223,57.95,58.21,57.64,58.0,6345279
-0.016280451574569223,58.0,58.35,57.755,57.79,6885045
-0.016280451574569223,57.74,58.08,57.47,57.65,4922455
-0.016280451574569223,57.6,57.875,57.3925,57.77,4451101
-0.016280451574569223,59.12,59.59,58.8,59.1,11915546
-0.016280451574569223,59.0,60.0,58.91,59.95,11048297
-0.016280451574569223,59.69,59.7701,58.761,58.95,7498860
-0.016280451574569223,59.32,59.52,58.92,59.39,5157123
-0.016280451574569223,59.09,59.13,58.32,58.36,5529498
-0.016280451574569223,58.6,58.68,57.985,58.15,8259947
-0.016280451574569223,58.15,58.735,57.97,58.67,5112825
-0.016280451574569223,58.71,59.12,58.33,59.05,6225907
-0.016280451574569223,59.0,59.94,58.9,59.84,9051700
-0.016280451574569223,59.55,59.95,59.27,59.79,4468121
-0.016280451574569223,59.8,60.53,59.64,60.14,5677172
-0.016280451574569223,60.17,60.34,59.63,59.76,4105953
-0.016280451574569223,59.82,60.1,59.71,59.79,4066712
-0.016280451574569223,59.88,60.12,59.36,59.46,5586439
-0.016280451574569223,59.42,59.965,59.26,59.9,5310944
-0.016280451574569223,59.68,59.69,59.06,59.07,5585115
-0.016280451574569223,58.73,59.27,58.59,58.97,4979994
-0.016280451574569223,59.15,60.0,59.13,59.78,5899971
-0.016280451574569223,58.94,59.01,58.29,58.56,8913041
-0.016280451574569223,58.9,59.05,58.221,58.54,5489569
-0.016280451574569223,58.53,58.7445,57.42,57.46,9148637
-0.016280451574569223,54.85,55.42,54.17,54.95,22905183
-0.016280451574569223,54.44,54.44,53.105,53.61,14289253
-0.016280451574569223,53.92,54.41,53.79,54.13,8212816
-0.016280451574569223,53.92,54.08,53.445,53.61,6409366
-0.016280451574569223,53.93,53.97,53.46,53.84,5461911
-0.016280451574569223,54.03,54.2,53.5375,53.9,6416622
-0.016280451574569223,54.07,54.43,53.615,53.73,5269393
-0.016280451574569223,52.74,52.8775,52.065,52.73,12539931
-0.016280451574569223,52.8,52.96,52.25,52.56,7434491
-0.016280451574569223,52.6,52.98,52.47,52.81,7728916
-0.016280451574569223,53.0,53.45,52.9,53.36,5509805
-0.016280451574569223,53.25,53.47,52.88,53.01,6689126
-0.016280451574569223,53.12,53.34,52.71,52.76,7407562
-0.016280451574569223,52.76,52.85,52.34,52.39,6905762
-0.016280451574569223,52.25,52.51,52.11,52.2,8563283
-0.016280451574569223,52.38,53.13,52.32,53.03,8649915
-0.016280451574569223,53.77,54.09,53.3,53.4,7823691
-0.016280451574569223,53.45,53.64,53.04,53.52,6085952
-0.016280451574569223,53.54,53.89,53.12,53.73,7497401
-0.016280451574569223,53.86,54.06,53.52,53.87,10046827
-0.016280451574569223,53.87,54.16,53.4,53.5,8166438
-0.016280451574569223,52.78,54.05,52.51,53.33,14707174
-0.016280451574569223,53.49,53.64,53.04,53.56,7058002
-0.016280451574569223,53.55,53.64,53.09,53.19,8065367
-0.016280451574569223,53.02,53.61,52.8,53.24,10962392
-0.016280451574569223,53.08,53.56,53.0,53.23,12262360
-0.016280451574569223,53.18,53.97,52.98,53.7,16183717
-0.016280451574569223,52.17,52.69,51.03,52.67,36202500
-0.016280451574569223,52.8,53.03,52.33,52.63,11334704
-0.016280451574569223,52.59,52.82,51.76,51.85,12189882
-0.016280451574569223,52.16,52.21,51.66,51.87,7516205
-0.016280451574569223,52.0,52.05,51.4,51.47,8126729
-0.016280451574569223,51.51,52.13,51.4,52.08,8204280
-0.016280451574569223,52.01,52.32,51.775,52.18,5287422
-0.016280451574569223,52.2,52.46,52.12,52.42,5360267
-0.016280451574569223,52.23,52.3,51.5,51.52,6875105
-0.016280451574569223,51.58,51.82,51.37,51.53,8372726
-0.016280451574569223,51.39,51.52,50.83,51.03,9109648
-0.016280451574569223,50.98,51.12,50.35,50.83,10658445
-0.016280451574569223,50.83,51.07,50.4,50.98,16227948
-0.016280451574569223,50.8,51.405,50.64,51.37,9299326
-0.016280451574569223,51.5,52.04,51.38,52.0,9492675
-0.016280451574569223,52.18,52.4,52.1,52.3,10890257
-0.016280451574569223,51.66,52.8,51.48,52.69,12568217
-0.016280451574569223,52.79,53.5,52.79,53.06,13020916
-0.016280451574569223,53.06,53.95,53.0,53.66,12242580
-0.016280451574569223,53.9,54.0,53.1,53.42,14767595
-0.016280451574569223,53.43,55.905,52.67,54.9245,22919390
-0.016280451574569223,55.26,57.25,55.14,56.81,22185144
-0.016280451574569223,55.82,56.36,55.65,55.96,12801783
-0.016280451574569223,55.71,55.93,54.84,55.27,10169401
-0.016280451574569223,54.75,55.28,54.52,54.99,9794845
-0.016280451574569223,55.42,55.5,54.85,55.07,7544505
-0.016280451574569223,55.15,55.32,54.59,55.12,7250343
-0.016280451574569223,55.15,55.72,55.04,55.71,9448203
-0.016280451574569223,55.29,56.13,55.14,56.04,9332236
-0.016280451574569223,55.75,56.015,55.02,55.15,7774698
-0.016280451574569223,55.0,55.77,54.89,55.76,7079371
-0.016280451574569223,55.5,56.35,55.31,56.13,10940531
-0.016280451574569223,55.88,56.49,55.62,56.09,7535726
-0.016280451574569223,55.66,56.085,55.66,55.91,10106079
-0.016280451574569223,55.71,56.18,55.53,55.98,5037465
-0.016280451574569223,55.96,56.87,55.08,56.63,6610545
-0.016280451574569223,56.62,57.2775,56.41,57.23,8233261
-0.016280451574569223,58.54,59.53,58.37,59.19,15475465
-0.016280451574569223,58.63,59.5,57.98,59.25,8480580
-0.016280451574569223,59.03,59.4,58.93,59.39,9057784
-0.016280451574569223,59.18,59.34,58.94,59.07,8501289
-0.016280451574569223,59.0,59.35,58.91,59.32,3400441
-0.016280451574569223,59.2,59.7,59.17,59.63,7891587
-0.016280451574569223,58.76,59.6,58.54,59.58,8665270
-0.016280451574569223,59.73,60.63,59.73,60.36,12022818
-0.016280451574569223,60.26,61.21,60.2,60.42,12551210
-0.016280451574569223,60.42,60.43,59.24,59.88,10113675
-0.016280451574569223,60.27,60.695,59.97,60.1,7513232
-0.016280451574569223,60.65,60.8,59.65,60.42,8862852
-0.016280451574569223,60.41,60.85,59.7,59.72,7862151
-0.016280451574569223,59.86,61.06,59.65,60.6,6113277
-0.016280451574569223,60.5,61.37,60.29,61.3,6065231
-0.016280451574569223,61.37,62.22,61.3,61.91,9017814
-0.016280451574569223,61.81,62.53,61.65,62.17,7358001
-0.016280451574569223,62.22,64.46,62.02,64.3,16072573
-0.016280451574569223,64.435,64.85,64.05,64.53,13055089
-0.016280451574569223,64.93,65.07,64.15,64.79,15659278
-0.016280451574569223,64.99,65.08,64.39,64.81,12651962
-0.016280451574569223,65.09,65.185,64.18,64.24,8212457
-0.016280451574569223,64.4,64.5,63.58,63.59,12468576
-0.016280451574569223,64.33,64.98,63.3,64.77,14352349
-0.016280451574569223,61.21,63.54,60.13,63.29,20414195
-0.016280451574569223,62.9,63.89,62.81,63.65,4563475
-0.016280451574569223,63.56,63.6,62.77,62.95,8959745
-0.016280451574569223,63.0,63.32,62.85,62.95,3987151
-0.016280451574569223,63.21,63.37,62.55,62.55,5222115
