2013-02-08,29.54,30.21,29.51,30.065,2352884
2013-02-11,30.0,30.065,29.805,29.815,1053104
2013-02-12,29.815,30.025,29.72,29.99,1776896
2013-02-13,29.95,30.085,29.675,29.81,1546648
2013-02-14,29.79,29.915,29.64,29.64,1027096
2013-02-15,29.695,30.165,29.645,29.94,1748706
2013-02-19,30.0,30.2449,29.82,30.215,1936318
2013-02-20,30.2,30.29,30.045,30.045,735756
2013-02-21,30.05,30.235,29.86,30.125,1311072
2013-02-22,30.29,30.94,30.22,30.725,1990154
2013-02-25,30.75,31.0,30.555,30.555,1713184
2013-02-26,30.7,30.93,30.63,30.76,1775970
2013-02-27,30.72,31.135,30.655,30.965,1049510
2013-02-28,30.98,31.176,30.9151,30.98,1434652
2013-03-01,30.885,30.95,30.42,30.69,2567754
2013-03-04,30.56,30.785,30.56,30.745,1320846
2013-03-05,30.81,30.985,30.73,30.775,960332
2013-03-06,30.81,30.92,30.52,30.535,811350
2013-03-07,30.55,30.725,30.47,30.48,1105804
2013-03-08,30.645,30.73,30.43,30.48,1301672
2013-03-11,30.515,30.69,30.44,30.515,849680
2013-03-12,30.48,30.56,30.4,30.55,777970
2013-03-13,30.555,30.679,30.425,30.62,808244
2013-03-14,30.645,30.68,30.4,30.605,1065074
2013-03-15,30.51,30.61,30.4,30.585,1887450
2013-03-18,30.41,30.775,30.41,30.585,1016244
2013-03-19,30.62,30.91,30.585,30.82,806368
2013-03-20,30.89,31.52,30.88,31.33,1190346
2013-03-21,31.185,31.355,31.035,31.17,659636
2013-03-22,31.18,31.95,31.17,31.81,1399800
2013-03-25,31.85,31.925,31.4,31.485,1074230
2013-03-26,31.595,31.93,31.56,31.89,946618
2013-03-27,31.8,31.8,31.55,31.76,828556
2013-03-28,31.76,32.345,31.66,32.315,1488866
2013-04-01,32.205,32.24,31.97,32.24,1031282
2013-04-02,32.25,32.55,32.195,32.27,1178950
2013-04-03,32.345,32.3675,31.8005,31.98,1916054
2013-04-04,31.995,32.195,31.85,31.865,775798
2013-04-05,31.66,31.735,31.365,31.63,1155912
2013-04-08,31.64,31.715,31.55,31.625,1509944
2013-04-09,31.715,31.755,31.415,31.565,1153386
2013-04-10,31.58,31.69,31.52,31.68,1393322
2013-04-11,31.67,32.295,31.59,31.965,1551118
2013-04-12,31.97,32.12,31.845,31.95,1128994
2013-04-15,31.885,32.085,31.455,31.46,1521548
2013-04-16,31.595,32.065,31.5,31.875,1711616
2013-04-17,31.74,31.76,31.25,31.345,1286270
2013-04-18,31.33,31.5,30.925,30.995,1793058
2013-04-19,31.005,31.555,30.84,31.275,2104278
2013-04-22,31.355,31.84,31.225,31.7,1192284
2013-04-23,31.78,32.035,31.47,31.97,762410
2013-04-24,31.915,31.915,31.315,31.335,1164918
2013-04-25,31.37,32.01,31.36,31.665,1488704
2013-04-26,31.7,31.9887,31.58,31.655,923034
2013-04-29,31.765,32.075,31.715,31.96,893032
2013-04-30,31.955,32.015,31.715,31.945,1994238
2013-05-01,31.815,32.08,31.4,31.45,1012062
2013-05-02,31.445,32.27,31.05,32.05,967966
2013-05-03,32.245,32.245,31.845,31.925,894022
2013-05-06,31.925,31.925,31.4225,31.465,1004870
2013-05-07,31.52,31.775,31.465,31.605,1298066
2013-05-08,31.56,31.805,31.41,31.795,930140
2013-05-09,31.7,31.79,31.425,31.515,923248
2013-05-10,31.54,31.905,31.505,31.845,835476
2013-05-13,31.845,31.87,31.68,31.75,564600
2013-05-14,31.76,32.28,31.76,32.105,1240848
2013-05-15,32.025,32.39,32.01,32.32,784774
2013-05-16,32.24,32.3,31.93,31.96,985000
2013-05-17,31.96,32.185,31.9275,32.065,711000
2013-05-20,32.055,32.0675,31.485,31.5,1253758
2013-05-21,31.43,31.635,31.26,31.395,970182
2013-05-22,31.39,31.635,30.995,31.0,1244246
2013-05-23,30.915,31.3,30.86,31.255,1533266
2013-05-24,31.215,31.33,30.945,31.325,1117882
2013-05-28,31.5,31.74,31.4,31.5,1104610
2013-05-29,31.31,31.35,30.76,30.78,762482
2013-05-30,30.79,31.105,30.79,30.885,811650
2013-05-31,30.79,30.79,30.3025,30.405,2256470
2013-06-03,30.415,30.435,29.9,30.31,1193772
2013-06-04,30.24,30.355,30.05,30.15,1177150
2013-06-05,30.07,30.225,29.755,29.755,1191164
2013-06-06,29.78,30.175,29.65,30.175,1360872
2013-06-07,30.3,30.58,30.3,30.545,1005734
2013-06-10,30.58,30.725,30.295,30.56,745496
2013-06-11,30.15,30.665,30.045,30.44,1194440
2013-06-12,30.63,30.86,30.4,30.485,1257428
2013-06-13,30.475,30.735,30.295,30.625,1102988
2013-06-14,30.57,30.84,30.425,30.7,632050
2013-06-17,30.85,31.15,30.78,30.96,1006994
2013-06-18,30.95,30.975,30.7605,30.905,844650
2013-06-19,30.885,30.985,30.28,30.295,803534
2013-06-20,30.1,30.125,29.685,29.76,1257940
2013-06-21,29.85,30.165,29.76,30.005,1512752
2013-06-24,29.645,30.14,29.455,29.86,1384808
2013-06-25,30.045,30.105,29.555,29.805,1242988
2013-06-26,29.98,30.185,29.9625,30.04,710052
2013-06-27,30.14,30.6949,30.105,30.525,1185284
2013-06-28,30.49,30.915,30.28,30.855,3131808
2013-07-01,30.905,31.0,30.7,30.76,1847900
2013-07-02,30.705,30.91,30.48,30.76,1367498
2013-07-03,30.755,30.8925,30.5515,30.745,990716
2013-07-05,30.92,30.995,30.445,30.865,499332
2013-07-08,31.0,31.07,30.78,30.97,810612
2013-07-09,31.115,31.38,31.015,31.215,851720
2013-07-10,31.275,31.35,30.995,31.27,891996
2013-07-11,31.5,31.675,31.37,31.675,1120320
2013-07-12,31.635,32.12,31.615,32.095,1288116
2013-07-15,32.06,32.255,31.755,32.005,954514
2013-07-16,31.965,31.965,31.665,31.8,929572
2013-07-17,31.83,32.04,31.6625,31.8,836792
2013-07-18,31.8,31.995,31.67,31.815,709272
2013-07-19,31.79,31.93,31.635,31.925,577608
2013-07-22,31.875,31.99,31.67,31.955,520590
2013-07-23,32.0,32.065,31.68,32.055,921270
2013-07-24,32.075,32.0877,31.685,31.695,683992
2013-07-25,31.57,32.1,31.505,32.035,775620
2013-07-26,31.95,32.18,31.69,32.135,658258
2013-07-29,32.06,32.215,31.88,32.01,581206
2013-07-30,32.14,32.385,31.87,31.99,900148
2013-07-31,32.075,32.23,31.815,31.85,1198514
2013-08-01,32.445,32.745,32.22,32.52,2470328
2013-08-02,31.99,32.005,30.925,31.395,3017430
2013-08-05,31.32,31.69,31.25,31.435,1518704
2013-08-06,31.335,31.64,31.2,31.375,1738860
2013-08-07,31.31,31.36,30.89,30.905,1638350
2013-08-08,31.0,31.0,30.66,30.725,1873864
2013-08-09,30.715,30.8495,30.515,30.675,1080788
2013-08-12,30.65,30.73,30.505,30.635,978280
2013-08-13,30.65,30.787,30.535,30.635,1066962
2013-08-14,30.65,30.745,30.34,30.45,831620
2013-08-15,30.25,30.2925,29.84,30.17,1337768
2013-08-16,30.12,30.265,30.02,30.2,950764
2013-08-19,30.27,30.59,30.2,30.395,1422990
2013-08-20,30.5,30.6925,30.5,30.505,1026118
2013-08-21,30.44,30.559,30.2225,30.425,959102
2013-08-22,30.415,30.665,30.3412,30.53,800846
2013-08-23,30.54,30.682,30.49,30.615,638010
2013-08-26,30.64,30.68,30.35,30.435,956226
2013-08-27,30.27,30.373,30.165,30.205,1002754
2013-08-28,30.19,30.318,29.9,29.915,848208
2013-08-29,29.915,30.03,29.805,29.845,1240946
2013-08-30,29.895,29.9,29.6,29.675,1359154
2013-09-03,30.0,30.02,29.375,29.585,2300426
2013-09-04,29.51,29.51,28.8,28.82,3803006
2013-09-05,28.775,28.905,28.18,28.325,3318334
2013-09-06,28.39,28.5925,28.1905,28.41,2361846
2013-09-09,28.425,29.045,28.425,29.0,1841032
2013-09-10,29.185,29.485,29.09,29.48,2121376
2013-09-11,29.415,29.625,29.17,29.625,1854126
2013-09-12,29.57,29.785,29.525,29.64,1416824
2013-09-13,29.735,29.97,29.6605,29.905,1458546
2013-09-16,30.205,30.3175,30.025,30.18,1102304
2013-09-17,30.56,30.875,30.47,30.845,2174380
2013-09-18,30.81,31.145,30.575,31.13,1707340
2013-09-19,31.16,31.3,30.965,31.235,1512630
2013-09-20,31.15,31.19,30.865,30.87,1987902
2013-09-23,30.71,31.04,30.58,30.89,1045772
2013-09-24,30.99,31.2725,30.885,31.07,1635122
2013-09-25,31.085,31.205,30.485,30.5,1176704
2013-09-26,30.455,30.755,30.3675,30.5,1124098
2013-09-27,30.4,30.445,30.09,30.335,1031534
2013-09-30,30.03,30.185,29.78,30.025,2410180
2013-10-01,30.06,30.48,30.055,30.315,2230816
2013-10-02,30.23,30.275,30.005,30.26,876128
2013-10-03,30.235,30.235,29.915,30.02,1554794
2013-10-04,30.015,30.195,29.922,29.98,1338254
2013-10-07,29.815,29.97,29.695,29.835,1899318
2013-10-08,29.82,29.945,29.615,29.63,1182382
2013-10-09,29.66,30.005,29.5001,29.84,1712102
2013-10-10,30.055,30.355,29.85,30.355,1198462
2013-10-11,30.24,30.67,30.22,30.665,897370
2013-10-14,30.5,30.72,30.5,30.7,826714
2013-10-15,30.655,30.75,30.305,30.335,994542
2013-10-16,30.42,30.95,30.42,30.935,963794
2013-10-17,30.835,31.215,30.68,31.175,860614
2013-10-18,31.385,31.415,31.1125,31.41,777372
2013-10-21,31.4,31.4,31.11,31.23,962722
2013-10-22,31.37,31.945,31.195,31.915,1131988
2013-10-23,31.715,32.12,31.715,32.025,974456
2013-10-24,32.01,32.22,31.985,32.165,1707410
2013-10-25,32.095,32.245,32.0,32.22,950840
2013-10-28,32.16,32.4225,32.16,32.24,2112368
2013-10-29,32.24,32.47,32.17,32.47,1374964
2013-10-30,32.52,32.67,32.405,32.54,1890032
2013-10-31,32.68,33.0,32.44,32.575,2354556
2013-11-01,32.135,32.7,31.87,32.515,2178850
2013-11-04,32.55,32.75,32.37,32.595,1535364
2013-11-05,32.595,32.695,32.265,32.655,1581906
2013-11-06,32.535,32.84,32.33,32.725,1347234
2013-11-07,32.73,32.84,32.14,32.155,1475174
2013-11-08,32.1,32.19,31.82,32.095,1006886
2013-11-11,32.175,32.225,31.99,32.01,1109968
2013-11-12,32.0,32.485,31.885,32.48,1347230
2013-11-13,32.47,32.885,32.375,32.875,1207666
2013-11-14,32.83,33.0794,32.79,32.9,1004712
2013-11-15,32.99,33.14,32.915,32.97,1028452
2013-11-18,32.995,33.085,32.735,32.81,1111348
2013-11-19,32.74,32.748,32.3675,32.415,1129960
2013-11-20,32.5,32.655,32.4,32.515,839224
2013-11-21,32.57,32.82,32.53,32.81,813034
2013-11-22,32.85,32.85,32.57,32.685,784970
2013-11-25,33.06,33.06,32.725,32.83,1058406
2013-11-26,32.745,32.995,32.665,32.925,1467728
2013-11-27,32.985,33.0,32.625,32.855,521938
2013-11-29,32.855,32.9825,32.605,32.625,417316
2013-12-02,32.655,32.885,32.45,32.63,1016174
2013-12-03,32.58,33.065,32.505,33.05,1116226
2013-12-04,32.905,33.045,32.54,33.015,964418
2013-12-05,32.945,32.985,32.565,32.85,823616
2013-12-06,33.035,33.46,32.935,33.455,1146822
2013-12-09,33.42,33.48,33.25,33.45,1016068
2013-12-10,33.37,33.37,32.905,33.025,1104390
2013-12-11,33.07,33.115,32.8425,33.065,1028232
2013-12-12,33.005,33.1743,32.625,32.74,956490
2013-12-13,32.84,32.9125,32.565,32.88,743006
2013-12-16,32.9,33.11,32.6905,32.86,1544682
2013-12-17,32.78,33.03,32.401,32.72,896546
2013-12-18,32.705,33.235,32.415,33.215,955436
2013-12-19,33.205,33.292,32.625,32.875,1264666
2013-12-20,33.07,33.31,32.835,33.24,1686294
2013-12-23,33.35,33.4,32.99,33.115,876034
2013-12-24,33.125,33.27,32.99,33.185,308234
2013-12-26,33.225,33.27,32.9105,33.145,722266
2013-12-27,33.135,33.38,33.03,33.295,677926
2013-12-30,33.32,33.36,33.19,33.32,599082
2013-12-31,33.36,33.425,33.03,33.14,839178
2014-01-02,33.13,33.155,32.61,32.75,1035860
2014-01-03,32.94,32.98,32.58,32.755,1040700
2014-01-06,32.9,32.97,32.655,32.85,1511446
2014-01-07,32.89,33.03,32.78,32.965,1090874
2014-01-08,32.905,32.92,32.555,32.68,1113754
2014-01-09,32.86,32.8985,32.56,32.76,2099134
2014-01-10,32.74,32.915,32.64,32.89,1453208
2014-01-13,32.86,32.9945,32.535,32.63,1253108
2014-01-14,32.755,32.97,32.555,32.97,1102296
2014-01-15,32.975,33.155,32.82,32.95,769254
2014-01-16,32.905,33.08,32.765,33.005,1054070
2014-01-17,32.96,33.15,32.75,32.765,1412752
2014-01-21,32.94,33.07,32.59,32.775,995776
2014-01-22,32.925,32.925,32.635,32.76,864010
2014-01-23,32.57,32.86,32.315,32.795,1799174
2014-01-24,32.76,33.1,32.525,32.525,1096352
2014-01-27,32.525,32.62,32.25,32.355,1476744
2014-01-28,32.36,32.69,32.27,32.595,1930482
2014-01-29,32.36,32.395,31.81,31.82,1816806
2014-01-30,32.065,32.36,31.945,32.25,1340650
2014-01-31,32.06,32.36,31.745,32.29,2131280
2014-02-03,32.325,32.405,31.015,31.03,3923786
2014-02-04,30.975,32.03,30.5,31.875,3951286
2014-02-05,32.245,32.245,31.515,31.525,1869490
2014-02-06,31.56,31.735,31.33,31.67,1309106
2014-02-07,31.91,32.11,31.775,31.975,1156708
2014-02-10,31.97,32.43,31.725,32.345,2338806
2014-02-11,32.305,32.65,32.195,32.485,1272822
2014-02-12,32.5,32.5375,32.095,32.22,1458910
2014-02-13,32.02,32.33,31.835,32.19,1354542
2014-02-14,32.2,32.65,32.05,32.65,1370850
2014-02-18,32.785,32.865,32.51,32.73,2110646
2014-02-19,32.64,33.04,32.64,32.78,2349922
2014-02-20,32.83,33.2175,32.725,33.135,1193988
2014-02-21,33.25,33.4,33.06,33.075,1178346
2014-02-24,33.165,33.83,33.165,33.72,1668110
2014-02-25,33.64,33.8305,33.5,33.66,1236988
2014-02-26,33.745,33.995,33.59,33.715,1540762
2014-02-27,33.625,33.89,33.51,33.875,1157230
2014-02-28,33.875,34.28,33.6,33.99,1369366
2014-03-03,33.865,34.06,33.645,34.06,1893784
2014-03-04,34.3,34.7025,34.24,34.325,1826916
2014-03-05,34.315,34.4,34.07,34.115,1589812
2014-03-06,34.125,34.3,34.0925,34.135,680676
2014-03-07,34.22,34.295,34.02,34.21,784446
2014-03-10,34.215,34.4,34.165,34.245,1211078
2014-03-11,34.27,34.38,34.06,34.195,1422870
2014-03-12,33.515,34.155,33.44,34.075,2220346
2014-03-13,34.105,34.24,33.845,33.96,2126946
2014-03-14,33.94,34.26,33.91,34.19,1665876
2014-03-17,34.37,34.72,34.26,34.375,1136438
2014-03-18,34.45,34.46,34.2,34.29,1300884
2014-03-19,34.2,34.425,33.855,33.99,1508226
2014-03-20,33.99,34.285,33.805,34.01,1872128
2014-03-21,33.955,34.33,33.785,33.815,3012678
2014-03-24,34.025,34.335,33.88,33.955,2245648
2014-03-25,34.1,34.345,33.973,34.12,1629372
2014-03-26,34.29,34.4,34.11,34.17,1115980
2014-03-27,34.205,34.635,34.0,34.085,1466224
2014-03-28,34.135,34.225,33.975,34.055,867098
2014-03-31,34.265,34.55,33.97,34.535,1236540
2014-04-01,34.475,34.495,34.09,34.28,1059798
2014-04-02,34.2,34.43,34.09,34.285,1103718
2014-04-03,34.355,34.43,34.215,34.325,984968
2014-04-04,34.41,34.502,33.975,33.98,2144576
2014-04-07,33.9,34.26,33.825,34.16,1392264
2014-04-08,34.11,34.42,33.965,34.34,1299104
2014-04-09,34.52,34.7,34.335,34.53,1136896
2014-04-10,34.48,34.71,34.075,34.11,1519514
2014-04-11,34.11,34.265,33.915,33.96,1510448
2014-04-14,34.09,34.32,34.01,34.165,1062026
2014-04-15,34.255,34.37,34.03,34.22,1433932
2014-04-16,34.38,34.625,34.35,34.54,824742
2014-04-17,34.55,34.625,34.325,34.59,906946
2014-04-21,34.525,34.86,34.35,34.65,1022698
2014-04-22,34.65,34.71,34.21,34.265,1748280
2014-04-23,34.29,34.355,34.055,34.215,2079778
2014-04-24,34.28,34.368,34.1275,34.21,1340110
2014-04-25,34.225,34.4,34.15,34.355,890076
2014-04-28,34.49,34.875,34.455,34.78,1798914
2014-04-29,34.78,34.925,34.46,34.525,1590688
2014-04-30,34.515,34.7,34.305,34.505,2740178
2014-05-01,34.495,34.525,33.7518,34.035,3194744
2014-05-02,34.025,34.2925,33.78,34.27,1814154
2014-05-05,34.02,34.205,33.861,34.075,1281522
2014-05-06,34.005,34.135,33.835,33.86,886138
2014-05-07,33.89,34.145,33.875,34.02,1896846
2014-05-08,33.87,34.07,33.745,33.865,1461496
2014-05-09,33.83,34.06,33.795,34.05,1293320
2014-05-12,34.1,34.225,33.8675,33.925,1564578
2014-05-13,33.98,34.055,33.795,33.925,1277702
2014-05-14,33.89,33.955,33.695,33.72,665002
2014-05-15,33.65,33.8195,33.525,33.795,1256558
2014-05-16,33.715,33.9,33.635,33.87,968876
2014-05-19,18.77,33.9525,33.695,33.895,1078888
2014-05-20,33.89,33.965,33.675,33.93,1436146
2014-05-21,34.0,34.155,33.92,34.13,1133268
2014-05-22,34.085,34.115,33.94,34.03,1467696
2014-05-23,34.025,34.26,34.005,34.16,831164
2014-05-27,34.225,34.25,34.055,34.06,1002260
2014-05-28,34.165,34.205,34.03,34.09,1314048
2014-05-29,34.09,34.485,34.09,34.445,1040186
2014-05-30,34.445,34.68,34.405,34.615,1139110
2014-06-02,34.645,34.695,34.38,34.425,1231390
2014-06-03,34.395,34.395,34.235,34.315,1037424
2014-06-04,34.285,34.65,34.23,34.635,1634126
2014-06-05,34.625,34.765,34.48,34.765,959574
2014-06-06,34.785,34.825,34.67,34.73,791908
2014-06-09,34.645,35.05,34.625,34.995,849462
2014-06-10,34.845,35.05,34.69,34.765,1227738
2014-06-11,34.74,34.895,34.71,34.775,1207094
2014-06-12,34.73,34.765,34.54,34.645,607522
2014-06-13,34.67,34.7225,34.5025,34.57,917556
2014-06-16,34.57,34.89,34.57,34.81,1053048
2014-06-17,34.725,34.87,34.615,34.715,1109462
2014-06-18,34.745,34.87,34.685,34.855,990006
2014-06-19,34.94,35.225,34.9,35.195,583858
2014-06-20,35.205,35.245,35.005,35.03,1959222
2014-06-23,35.045,35.045,34.73,34.74,1303754
2014-06-24,34.7,34.86,34.61,34.675,851932
2014-06-25,34.655,34.8505,34.615,34.8,709508
2014-06-26,34.82,34.877,34.58,34.7,896104
2014-06-27,34.675,34.845,34.5425,34.745,1328550
2014-06-30,34.815,34.98,34.715,34.975,1367750
2014-07-01,35.0,35.355,34.895,35.09,1657068
2014-07-02,34.945,35.24,34.47,34.53,2225730
2014-07-03,34.58,34.705,34.0725,34.075,3251582
2014-07-07,33.62,34.12,33.545,33.91,3752758
2014-07-08,33.945,33.99,33.66,33.805,2717822
2014-07-09,33.905,34.16,33.835,34.09,1356628
2014-07-10,33.835,34.12,33.745,34.02,1301676
2014-07-11,34.05,34.14,33.84,33.86,1250712
2014-07-14,34.02,34.115,33.675,33.745,2390506
2014-07-15,33.935,34.085,33.88,34.06,2157298
2014-07-16,34.225,34.235,33.865,33.925,2205504
2014-07-17,33.895,34.075,33.705,33.715,1901378
2014-07-18,33.735,33.95,33.575,33.89,2449600
2014-07-21,33.795,33.95,33.67,33.815,1735022
2014-07-22,33.81,33.81,33.31,33.355,1791904
2014-07-23,33.45,33.51,33.275,33.33,2219414
2014-07-24,33.335,33.525,33.165,33.31,1535924
2014-07-25,33.28,33.38,33.015,33.09,921706
2014-07-28,33.09,33.245,32.875,33.065,917184
2014-07-29,33.1,33.335,33.03,33.06,1688248
2014-07-30,33.19,33.235,32.65,32.75,1922780
2014-07-31,32.58,32.665,32.055,32.09,2351382
2014-08-01,32.82,32.975,32.41,32.785,2255256
2014-08-04,32.82,32.975,32.41,32.785,2255256
2014-08-05,32.745,33.0675,32.655,32.975,2214318
2014-08-06,32.81,33.26,32.81,33.235,1147490
2014-08-07,33.275,33.355,33.0,33.065,1068006
2014-08-08,32.92,33.205,32.835,33.185,1599488
2014-08-11,33.315,33.66,33.245,33.62,1514994
2014-08-12,33.525,33.66,33.42,33.505,1672120
2014-08-13,33.635,33.715,33.36,33.525,961842
2014-08-14,33.545,33.72,33.48,33.715,759486
2014-08-15,33.835,33.925,33.495,33.645,708210
2014-08-18,33.74,33.96,33.685,33.87,766866
2014-08-19,33.84,34.045,33.775,34.0,737730
2014-08-20,33.935,34.1,33.835,34.0,717964
2014-08-21,34.085,34.215,33.985,34.1,1185714
2014-08-22,34.085,34.155,33.87,33.875,1494016
2014-08-25,34.005,34.14,33.88,34.055,1105660
2014-08-26,34.07,34.1425,33.865,33.99,1211202
2014-08-27,34.1,34.15,33.955,34.035,1089830
2014-08-28,34.0,34.025,33.82,33.99,866124
2014-08-29,34.035,34.15,33.94,34.12,757142
2014-09-02,34.24,34.515,34.145,34.35,1732966
2014-09-03,34.365,34.415,34.215,34.275,989614
2014-09-04,34.265,34.63,34.26,34.625,1534510
2014-09-05,34.52,34.625,34.3601,34.6,870050
2014-09-08,34.495,34.655,34.325,34.515,1675778
2014-09-09,34.415,34.6,34.405,34.52,1169456
2014-09-10,34.58,34.9925,34.43,34.91,1579046
2014-09-11,34.855,34.955,34.745,34.905,963380
2014-09-12,34.875,34.9,34.53,34.665,988658
2014-09-15,34.75,34.8,34.63,34.79,646486
2014-09-16,34.665,35.14,34.5825,35.02,1354668
2014-09-17,34.95,35.285,34.865,35.165,1202618
2014-09-18,35.16,35.165,35.025,35.06,826706
2014-09-19,35.095,35.17,34.905,35.065,2250276
2014-09-22,35.27,35.34,35.08,35.08,1180120
2014-09-23,35.155,35.27,34.9,34.905,1233938
2014-09-24,34.935,35.385,34.895,35.335,1218642
2014-09-25,35.265,35.275,34.925,35.025,1244392
2014-09-26,35.015,35.25,34.925,35.23,797540
2014-09-29,34.955,35.435,34.855,35.36,1145482
2014-09-30,35.27,35.34,35.08,35.08,1180120
2014-10-01,35.055,35.09,34.76,34.835,2134820
2014-10-02,34.915,35.175,34.68,34.725,1946446
2014-10-03,34.765,35.01,34.705,34.9,3390520
2014-10-06,34.5,34.85,34.48,34.635,1434022
2014-10-07,34.485,34.9675,34.485,34.715,1529090
2014-10-08,34.81,35.245,34.69,35.235,1131154
2014-10-09,34.995,35.23,34.64,34.685,1437984
2014-10-10,34.565,34.915,34.485,34.555,1092668
2014-10-13,34.555,34.565,34.04,34.075,1204760
2014-10-14,34.15,34.295,33.89,34.14,1213260
2014-10-15,33.91,34.21,33.52,33.99,1921664
2014-10-16,33.75,34.095,33.56,33.99,2139190
2014-10-17,34.29,34.385,33.86,34.19,1381972
2014-10-20,34.165,34.815,34.0425,34.795,1258466
2014-10-21,34.985,35.48,34.78,35.405,1239890
2014-10-22,35.47,35.649,35.27,35.275,1345440
2014-10-23,35.565,35.565,35.095,35.215,1421908
2014-10-24,35.345,35.655,35.12,35.61,872262
2014-10-27,35.595,36.065,35.535,35.96,1263598
2014-10-28,36.065,36.13,35.86,36.085,1379932
2014-10-29,36.14,36.19,35.885,36.17,1233024
2014-10-30,37.045,37.17,36.89,37.17,864516
2014-10-31,36.47,36.47,36.1075,36.205,1682274
2014-11-03,36.19,36.65,35.8466,36.055,2258706
2014-11-04,36.125,36.81,35.965,36.775,1523890
2014-11-05,36.965,36.965,36.46,36.62,1527858
2014-11-06,36.62,36.815,36.5025,36.52,1452090
2014-11-07,36.515,36.7,36.265,36.635,1100976
2014-11-10,36.75,36.935,36.55,36.74,1080720
2014-11-11,36.84,37.195,36.7,37.045,908580
2014-11-12,37.045,37.17,36.89,37.17,864516
2014-11-13,37.25,37.405,37.115,37.13,809044
2014-11-14,37.155,37.155,36.71,36.765,691892
2014-11-17,36.765,36.9751,36.68,36.945,890656
2014-11-18,36.945,37.165,36.8,37.115,1124772
2014-11-19,37.315,37.525,36.96,37.525,1168976
2014-11-20,37.425,37.465,37.205,37.31,968990
2014-11-21,37.57,37.615,37.23,37.26,948416
2014-11-24,37.5,37.5,37.1251,37.255,1036972
2014-11-25,37.31,37.345,37.125,37.325,1151492
2014-11-26,37.35,37.475,37.23,37.46,469652
2014-11-28,37.535,38.395,37.525,38.355,816092
2014-12-01,38.12,38.42,37.95,38.0,1161500
2014-12-02,38.0,38.16,37.735,37.87,1097180
2014-12-03,37.92,37.981,37.605,37.835,1003694
2014-12-04,37.89,38.17,37.745,38.16,1527202
2014-12-05,38.155,38.45,38.005,38.42,1126182
2014-12-08,38.54,38.94,38.325,38.72,1489060
2014-12-09,38.455,38.685,38.215,38.61,1037352
2014-12-10,38.735,38.835,38.385,38.385,923424
2014-12-11,38.305,38.695,38.2,38.4,1228006
2014-12-12,38.225,38.65,37.98,38.0,1195594
2014-12-15,38.13,38.47,37.755,37.965,1199776
2014-12-16,37.725,38.39,37.42,37.915,1588490
2014-12-17,37.975,38.6262,37.685,38.54,1626984
2014-12-18,38.83,39.21,38.58,39.19,1118332
2014-12-19,39.185,39.435,39.09,39.225,2121454
2014-12-22,39.185,39.525,39.08,39.34,955672
2014-12-23,40.015,40.37,39.695,40.265,1697988
2014-12-24,40.095,40.485,40.07,40.08,449782
2014-12-26,40.275,40.365,40.065,40.09,498398
2014-12-29,40.035,40.315,40.005,40.05,623348
2014-12-30,39.995,40.23,39.81,39.82,736880
2014-12-31,39.79,40.0675,39.395,39.405,940380
2015-01-02,39.455,39.595,39.225,39.545,1077592
2015-01-05,39.345,39.59,39.025,39.105,1110956
2015-01-06,39.25,39.345,38.72,38.78,1400354
2015-01-07,39.0,39.23,38.695,39.215,1085264
2015-01-08,39.45,40.11,39.35,39.99,1665602
2015-01-09,40.0,40.13,39.68,39.86,1985376
2015-01-12,39.87,40.125,39.5701,39.745,973610
2015-01-13,39.995,40.34,39.55,39.835,1263982
2015-01-14,39.535,40.18,39.48,40.085,1205336
2015-01-15,40.31,40.57,40.095,40.41,1214704
2015-01-16,40.415,41.195,40.355,41.17,1350744
2015-01-20,41.245,41.345,40.835,41.245,1380700
2015-01-21,40.995,41.17,40.61,41.145,1357820
2015-01-22,41.245,41.7,40.8,41.695,1434924
2015-01-23,41.58,41.655,40.95,40.995,1165846
2015-01-26,41.055,41.385,40.95,41.375,1644166
2015-01-27,40.965,41.175,40.66,41.01,875418
2015-01-28,41.185,41.355,40.755,40.805,1243670
2015-01-29,41.015,41.36,40.81,41.335,1094142
2015-01-30,41.035,41.205,40.455,40.46,1518944
2015-02-02,40.615,41.04,40.075,41.04,3039720
2015-02-03,40.75,41.38,40.46,41.345,2438894
2015-02-04,41.6,41.89,41.42,41.8,2060904
2015-02-05,41.845,41.86,41.282,41.615,1471724
2015-02-06,41.49,41.5,40.83,40.98,1093962
2015-02-09,40.97,40.99,40.675,40.91,983878
2015-02-10,41.12,41.49,40.95,41.445,801334
2015-02-11,41.555,41.785,41.32,41.625,1109938
2015-02-12,41.775,41.855,41.575,41.68,1227112
2015-02-13,41.68,42.035,41.605,42.015,964388
2015-02-17,42.075,42.39,41.9,42.16,1628898
2015-02-18,42.1,42.445,42.005,42.385,1217570
2015-02-19,42.38,42.41,41.95,42.11,2274740
2015-02-20,42.05,42.785,42.01,42.685,1251704
2015-02-23,42.685,43.285,42.555,42.95,1335830
2015-02-24,42.93,43.105,42.7338,43.07,1497876
2015-02-25,43.185,43.25,42.655,42.765,1252850
2015-02-26,42.765,42.8975,42.555,42.725,1221462
2015-02-27,42.725,42.88,42.54,42.57,1094406
2015-03-02,42.615,42.9,42.615,42.77,905054
2015-03-03,42.77,42.86,42.4475,42.745,1322602
2015-03-04,42.745,42.825,42.39,42.445,928906
2015-03-05,42.6,42.685,42.265,42.63,741858
2015-03-06,42.43,42.515,41.77,41.885,1772634
2015-03-09,42.06,42.5,41.895,42.335,1024724
2015-03-10,42.145,42.27,41.79,41.805,1273578
2015-03-11,41.76,42.045,41.575,42.02,2071144
2015-03-12,42.115,42.5,42.018,42.46,1092714
2015-03-13,42.39,42.39,41.885,42.18,821528
2015-03-16,42.36,42.825,42.345,42.75,1236670
2015-03-17,42.5,42.627,42.285,42.505,1184826
2015-03-18,42.525,42.84,42.025,42.66,1422736
2015-03-19,42.59,42.775,42.5375,42.67,581808
2015-03-20,42.9,43.115,42.665,43.07,2444634
2015-03-23,43.1,43.33,43.045,43.09,860772
2015-03-24,43.15,43.28,42.745,42.755,1547742
2015-03-25,42.91,43.085,42.465,42.495,1161176
2015-03-26,42.295,42.4175,42.0,42.1,1899286
2015-03-27,42.08,42.535,42.08,42.485,940004
2015-03-30,42.68,43.15,42.56,42.965,861924
2015-03-31,42.92,43.075,42.7,42.71,1186218
2015-04-01,42.7,42.73,42.165,42.7,1215160
2015-04-02,42.76,43.055,42.615,42.885,826880
2015-04-06,42.72,43.27,42.655,43.12,1787150
2015-04-07,43.155,43.27,42.75,42.775,908138
2015-04-08,42.78,43.185,42.755,42.99,895358
2015-04-09,42.81,43.11,42.5,42.965,1567168
2015-04-10,42.975,43.235,42.805,42.95,730746
2015-04-13,42.85,42.975,42.81,42.81,990014
2015-04-14,42.84,43.395,42.795,43.285,1497694
2015-04-15,43.39,43.625,42.83,42.865,1015156
2015-04-16,42.94,43.15,42.665,42.875,990660
2015-04-17,42.71,42.85,42.31,42.53,1120652
2015-04-20,42.39,42.59,42.06,42.15,1661522
2015-04-21,42.25,42.565,41.985,42.035,1751242
2015-04-22,42.02,42.07,41.79,41.875,2567464
2015-04-23,41.73,42.03,41.52,41.915,2069690
2015-04-24,41.985,42.085,41.905,41.975,1248794
2015-04-27,42.12,42.198,41.605,41.75,1112568
2015-04-28,41.83,41.99,41.535,41.76,982196
2015-04-29,41.515,41.8375,41.12,41.305,1052116
2015-04-30,41.205,41.42,40.41,40.585,1537602
2015-05-01,40.59,41.095,40.56,40.965,1068896
2015-05-04,41.155,41.375,41.045,41.155,816368
2015-05-05,41.255,41.445,40.765,40.83,663772
2015-05-06,40.875,41.05,40.59,40.89,1343334
2015-05-07,40.825,41.5,40.5,41.325,1710566
2015-05-08,41.685,41.77,41.46,41.615,1376702
2015-05-11,41.53,41.77,41.445,41.755,1947454
2015-05-12,41.63,41.8575,41.31,41.685,1141192
2015-05-13,41.85,41.8875,41.315,41.4,1477288
2015-05-14,41.485,41.825,41.385,41.73,1177472
2015-05-15,41.725,41.83,41.59,41.81,819986
2015-05-18,41.655,42.1725,41.655,42.075,732402
2015-05-19,42.07,42.3475,41.915,42.34,950676
2015-05-20,42.275,42.585,42.175,42.435,955236
2015-05-21,42.33,42.485,42.24,42.315,568802
2015-05-22,42.26,42.37,42.065,42.22,494110
2015-05-26,42.14,42.21,41.9201,42.055,1103532
2015-05-27,42.1,42.26,41.9,42.175,1049074
2015-05-28,42.075,42.32,42.07,42.265,886534
2015-05-29,42.25,42.2725,41.875,41.985,1567882
2015-06-01,42.015,42.365,41.705,42.27,1071178
2015-06-02,42.11,42.15,41.835,41.95,1018372
2015-06-03,42.135,42.215,41.86,42.185,775068
2015-06-04,41.95,42.26,41.64,41.65,823946
2015-06-05,41.545,41.665,41.2,41.305,1023044
2015-06-08,41.27,41.43,41.045,41.3,1180494
2015-06-09,41.25,41.7375,41.22,41.54,958090
2015-06-10,41.645,41.88,41.555,41.8,786602
2015-06-11,41.8,41.965,41.675,41.96,985928
2015-06-12,41.91,41.91,41.545,41.665,747348
2015-06-15,41.475,41.485,41.095,41.165,1061312
2015-06-16,41.28,41.57,41.1651,41.4,1372688
2015-06-17,41.545,41.72,41.455,41.595,859754
2015-06-18,41.655,42.05,41.655,41.785,1138708
2015-06-19,41.895,41.93,41.69,41.795,1288404
2015-06-22,41.895,42.08,41.795,41.915,666442
2015-06-23,41.92,42.0249,41.625,41.64,1328306
2015-06-24,41.66,41.66,41.24,41.32,828190
2015-06-25,41.375,41.46,41.205,41.405,666454
2015-06-26,41.5,41.5,41.27,41.41,1339208
2015-06-29,41.27,41.335,40.48,40.52,1360536
2015-06-30,40.81,40.94,40.49,40.565,1222386
2015-07-01,40.725,41.39,40.61,41.37,1569930
2015-07-02,41.365,41.455,40.925,41.06,1355798
2015-07-06,40.885,41.14,40.685,40.905,3502632
2015-07-07,40.91,41.8,40.77,41.775,1145560
2015-07-08,41.505,41.92,41.505,41.79,1244508
2015-07-09,42.0,42.2,41.55,41.59,1042968
2015-07-10,41.875,42.105,41.83,42.055,909120
2015-07-13,42.425,42.56,42.22,42.435,877284
2015-07-14,42.5,42.615,42.245,42.41,806360
2015-07-15,42.475,42.625,42.315,42.4,862054
2015-07-16,42.585,42.98,42.53,42.905,1397038
2015-07-17,42.865,42.865,42.435,42.485,868096
2015-07-20,42.5,42.865,42.455,42.85,662792
2015-07-21,42.74,42.785,42.3,42.36,1208352
2015-07-22,42.3,42.59,42.245,42.555,908380
2015-07-23,42.63,42.715,42.335,42.39,683048
2015-07-24,42.395,42.5549,42.195,42.245,745218
2015-07-27,42.095,42.32,41.965,42.31,642428
2015-07-28,42.4,42.775,42.32,42.755,877546
2015-07-29,42.705,43.195,42.705,43.16,739240
2015-07-30,43.1,43.395,42.735,43.39,748960
2015-07-31,43.5,43.518,43.115,43.165,1064708
2015-08-03,43.165,43.705,43.155,43.695,1278282
2015-08-04,43.89,44.245,43.705,44.005,1263384
2015-08-05,44.14,45.02,44.03,44.745,1860138
2015-08-06,44.905,44.99,44.335,44.675,1115218
2015-08-07,44.415,44.53,44.265,44.52,1452136
2015-08-10,44.645,44.875,44.4675,44.59,772054
2015-08-11,44.315,44.455,44.1,44.215,1013390
2015-08-12,43.905,44.545,43.665,44.545,1380180
2015-08-13,44.51,44.775,44.4,44.63,636106
2015-08-14,44.66,44.84,44.4975,44.825,545852
2015-08-17,44.74,45.16,44.45,45.16,1109732
2015-08-18,45.23,45.365,44.95,45.285,940322
2015-08-19,45.075,45.075,44.685,44.875,948292
2015-08-20,44.57,44.7499,44.3,44.325,910434
2015-08-21,44.095,44.25,43.35,43.35,1066434
2015-08-24,41.365,43.08,41.05,42.49,3031990
2015-08-25,43.365,43.5,41.445,41.475,1695864
2015-08-26,42.27,42.605,41.41,42.495,1377546
2015-08-27,42.925,43.295,42.455,43.27,1399976
2015-08-28,43.185,43.545,42.83,43.425,1961206
2015-08-31,43.285,43.495,42.755,43.14,2001362
2015-09-01,42.49,42.7,41.83,41.96,1407162
2015-09-02,42.255,42.505,42.0375,42.425,1556958
2015-09-03,42.605,43.155,42.45,43.015,839552
2015-09-04,42.525,42.7525,42.34,42.465,1085070
2015-09-08,43.01,43.27,42.655,43.255,1202522
2015-09-09,43.5,43.66,42.535,42.615,1030268
2015-09-10,42.5,42.885,42.34,42.495,934436
2015-09-11,41.635,42.205,41.505,42.045,2117982
2015-09-14,42.065,42.0949,41.575,41.715,1134856
2015-09-15,41.8,42.2499,41.71,42.12,984506
2015-09-16,42.12,42.315,42.015,42.235,1542280
2015-09-17,42.3,42.81,42.19,42.42,1213824
2015-09-18,42.115,42.335,41.86,41.945,2013832
2015-09-21,42.215,42.495,42.05,42.4,673684
2015-09-22,42.0,42.27,41.765,41.995,985300
2015-09-23,42.09,42.23,41.865,42.05,709318
2015-09-24,41.9,42.43,41.755,42.385,1787458
2015-09-25,42.755,43.22,42.53,42.815,1278246
2015-09-28,42.635,42.91,42.12,42.22,1050782
2015-09-29,42.195,42.395,42.025,42.265,1254880
2015-09-30,42.585,43.0,41.895,41.95,3490166
2015-10-01,42.0,42.1,41.595,41.9,2268274
2015-10-02,41.625,42.565,41.61,42.565,1403716
2015-10-05,42.905,43.28,42.705,43.195,3177300
2015-10-06,43.175,43.195,42.715,42.78,1397280
2015-10-07,42.945,43.355,42.71,43.25,2063042
2015-10-08,43.165,43.54,43.04,43.525,1140332
2015-10-09,43.58,43.92,43.515,43.81,771966
2015-10-12,43.875,44.26,43.835,44.15,1629892
2015-10-13,44.0,44.3025,43.865,43.965,997978
2015-10-14,43.99,44.1,43.42,43.48,742106
2015-10-15,43.745,43.88,43.495,43.76,625192
2015-10-16,43.855,44.23,43.775,44.185,550578
2015-10-19,44.13,44.36,44.0,44.105,1219456
2015-10-20,44.15,44.26,43.93,44.05,617866
2015-10-21,44.215,44.365,43.86,43.905,539026
2015-10-22,44.19,44.435,43.998,44.325,1093906
2015-10-23,44.45,44.685,43.83,43.905,1697252
2015-10-26,43.805,43.99,43.58,43.595,1260074
2015-10-27,43.59,43.8199,43.16,43.29,1576264
2015-10-28,43.435,43.75,43.225,43.745,1055066
2015-10-29,43.515,43.87,43.19,43.235,1589508
2015-10-30,43.255,43.355,42.755,43.045,1922218
2015-11-02,43.54,43.54,42.525,42.7,1655096
2015-11-03,42.61,42.735,42.02,42.055,1368588
2015-11-04,42.24,42.32,41.75,41.93,1231048
2015-11-05,42.03,42.03,41.455,41.505,1503648
2015-11-06,41.36,41.475,40.285,40.945,2478378
2015-11-09,40.945,41.02,40.335,40.66,2065914
2015-11-10,40.725,41.7,40.54,41.62,1767068
2015-11-11,41.62,42.071,41.575,41.725,1491630
2015-11-12,41.545,41.81,41.26,41.295,1262172
2015-11-13,41.25,41.48,41.055,41.265,1877340
2015-11-16,41.265,41.845,41.185,41.785,1034692
2015-11-17,41.785,42.4,41.63,41.735,1469884
2015-11-18,41.79,42.485,41.715,42.425,1409366
2015-11-19,42.575,43.2575,42.47,42.825,1500728
2015-11-20,43.01,43.33,42.785,42.865,1127184
2015-11-23,42.945,43.27,42.8,43.15,1019974
2015-11-24,42.845,43.425,42.785,43.315,1849800
2015-11-25,43.265,43.65,43.255,43.47,742160
2015-11-27,43.62,43.8275,43.395,43.555,449070
2015-11-30,43.55,43.7995,42.81,42.885,1559466
2015-12-01,43.0,43.49,43.0,43.43,1177956
2015-12-02,43.27,43.565,42.785,42.88,1484984
2015-12-03,43.145,43.31,42.315,42.61,1079690
2015-12-04,42.76,43.45,42.715,43.37,817588
2015-12-07,43.37,43.6908,43.195,43.535,739800
2015-12-08,43.335,43.635,43.035,43.45,735764
2015-12-09,43.415,43.88,42.83,42.975,2768256
2015-12-10,42.975,43.13,42.43,42.47,2018138
2015-12-11,42.195,42.3425,41.875,41.925,1254148
2015-12-14,42.08,42.345,41.75,41.995,1497154
2015-12-15,42.28,42.4425,42.0,42.26,1747610
2015-12-16,42.57,42.92,42.265,42.77,1168406
2015-12-17,42.855,42.91,42.325,42.62,2023968
2015-12-18,42.48,42.555,41.4,41.61,2810546
2015-12-21,41.83,42.12,41.67,42.065,1955240
2015-12-22,42.15,42.735,41.77,42.665,1625678
2015-12-23,43.5,43.885,43.18,43.4,3464918
2015-12-24,43.33,43.495,42.945,43.22,1504648
2015-12-28,43.1,43.39,42.6275,42.675,51368944
2015-12-29,42.75,43.31,42.535,43.135,2941948
2015-12-30,43.15,43.395,42.94,43.065,3217484
2015-12-31,42.875,43.119,42.425,42.44,1537826
2016-01-04,41.9,42.0725,41.095,41.755,3496710
2016-01-05,41.73,41.945,41.19,41.4,2922674
2016-01-06,41.07,41.56,40.8178,41.205,4109768
2016-01-07,40.605,40.94,40.31,40.54,2664162
2016-01-08,40.745,41.525,40.53,41.03,4205884
2016-01-11,41.13,41.475,40.705,41.31,3010044
2016-01-12,41.605,41.91,41.385,41.865,2908494
2016-01-13,41.07,41.38,39.235,39.325,5915732
2016-01-14,39.525,39.83,39.055,39.115,3266540
2016-01-15,38.505,39.51,38.5025,39.465,3615312
2016-01-19,39.73,40.07,39.245,39.48,2172380
2016-01-20,39.0,39.395,38.425,39.26,2382452
2016-01-21,39.22,39.895,38.905,39.605,2069940
2016-01-22,40.0,40.66,39.69,40.535,2318706
2016-01-25,40.175,40.29,39.64,39.725,2066164
2016-01-26,39.97,40.37,39.755,40.155,2318846
2016-01-27,40.23,40.83,40.005,40.255,1723964
2016-01-28,40.445,40.975,40.165,40.795,2016316
2016-01-29,40.81,42.01,40.705,42.0,2905330
2016-02-01,41.77,42.55,41.655,42.535,3620352
2016-02-02,42.11,43.0,41.875,42.89,4633796
2016-02-03,43.12,43.645,42.67,43.535,3485502
2016-02-04,43.5,43.815,42.99,43.37,2736756
2016-02-05,43.245,43.68,42.95,43.45,2844276
2016-02-08,42.79,43.735,42.595,43.625,3018416
2016-02-09,43.315,44.42,43.16,44.245,2786360
2016-02-10,44.345,44.665,44.135,44.21,1961556
2016-02-11,43.3,43.605,42.415,43.31,2848426
2016-02-12,43.595,44.405,43.18,44.29,1929660
2016-02-16,44.5,44.87,44.015,44.82,2331734
2016-02-17,44.835,45.145,44.68,44.94,2420382
2016-02-18,45.0,45.0,44.57,44.755,2800864
2016-02-19,44.52,44.92,44.2,44.705,4175060
2016-02-22,45.075,45.285,44.83,45.085,1461520
2016-02-23,44.965,45.575,44.93,45.46,1379918
2016-02-24,45.15,45.845,45.15,45.81,1993952
2016-02-25,45.895,46.2,45.665,46.105,1984220
2016-02-26,46.15,46.36,45.5,45.85,1806208
2016-02-29,45.7,46.14,45.25,45.38,2314474
2016-03-01,45.595,45.895,45.365,45.49,1922922
2016-03-02,45.32,45.69,45.02,45.675,1467322
2016-03-03,45.695,45.88,45.305,45.875,1607684
2016-03-04,45.665,45.95,45.49,45.89,1205522
2016-03-07,45.62,45.77,45.065,45.325,2167106
2016-03-08,45.3,45.97,45.06,45.465,1709820
2016-03-09,45.635,45.94,44.97,45.085,2147474
2016-03-10,45.255,45.365,44.685,45.15,1490228
2016-03-11,45.45,45.52,45.02,45.49,1167454
2016-03-14,45.585,45.745,45.17,45.3,1313864
2016-03-15,45.0625,45.83,45.005,45.755,1846004
2016-03-16,45.575,46.175,45.465,45.95,1366230
2016-03-17,45.84,46.205,45.675,45.995,1448690
2016-03-18,46.0,46.1949,45.565,45.865,2530332
2016-03-21,45.8,46.215,45.4,46.0,1079236
2016-03-22,45.955,45.975,45.645,45.74,1328774
2016-03-23,45.81,46.24,45.6875,45.785,1212868
2016-03-24,45.805,46.02,45.525,45.725,1392612
2016-03-28,45.91,46.115,45.725,45.99,910534
2016-03-29,45.985,46.25,45.665,46.145,1072884
2016-03-30,46.25,46.25,45.785,46.06,1003424
2016-03-31,46.055,46.19,45.8,46.09,1888416
2016-04-01,45.975,46.885,45.845,46.85,1316464
2016-04-04,46.94,46.94,46.085,46.27,1596822
2016-04-05,46.3,47.135,46.0525,46.97,3489230
2016-04-06,46.91,47.425,46.855,47.21,2744968
2016-04-07,46.96,47.245,46.58,46.96,2156116
2016-04-08,47.125,47.2,46.805,47.055,705428
2016-04-11,47.25,47.25,46.6437,46.725,1137696
2016-04-12,46.66,46.955,46.525,46.87,878614
2016-04-13,47.03,47.04,46.31,46.74,1211606
2016-04-14,46.74,46.8825,46.435,46.515,1148884
2016-04-15,46.63,47.475,46.63,46.955,1697754
2016-04-18,46.325,46.78,45.865,46.64,1783888
2016-04-19,46.745,47.22,46.67,47.13,1284142
2016-04-20,47.05,47.225,46.56,46.63,1017284
2016-04-21,46.49,46.5999,45.65,45.65,1331606
2016-04-22,45.415,46.05,45.105,46.015,1472912
2016-04-25,46.0,46.415,45.895,46.24,1097460
2016-04-26,46.31,46.475,45.97,46.03,992102
2016-04-27,46.145,46.295,45.725,46.145,678334
2016-04-28,45.945,46.685,45.6675,46.39,789868
2016-04-29,46.14,46.41,45.93,46.35,1081206
2016-05-02,46.35,46.845,46.22,46.745,937636
2016-05-03,46.71,47.23,46.505,46.825,1906732
2016-05-04,46.595,46.995,46.52,46.945,1390854
2016-05-05,46.985,48.03,46.95,47.56,1684232
2016-05-06,47.63,48.47,47.4,48.42,1728338
2016-05-09,48.495,48.945,48.33,48.54,1678164
2016-05-10,48.575,49.025,48.575,48.965,2028378
2016-05-11,48.865,48.96,48.0,48.365,1184652
2016-05-12,48.43,48.73,48.11,48.685,1046160
2016-05-13,48.695,48.695,48.075,48.275,952986
2016-05-16,48.285,48.485,48.015,48.23,1606938
2016-05-17,48.23,48.395,47.575,47.795,2398480
2016-05-18,49.35,49.625,48.15,48.49,4533004
2016-05-19,53.5,53.68,48.415,49.545,9170510
2016-05-20,49.545,49.805,48.215,48.24,3742406
2016-05-23,48.43,49.12,48.135,48.88,1994676
2016-05-24,49.11,49.26,48.79,48.945,1968598
2016-05-25,48.86,48.99,48.475,48.675,1482020
2016-05-26,48.69,49.11,48.635,49.095,997464
2016-05-27,49.105,49.3499,48.82,49.085,1147704
2016-05-31,49.125,49.48,48.925,49.24,2208232
2016-06-01,49.205,49.665,49.09,49.47,1346508
2016-06-02,49.475,49.63,49.125,49.615,1111364
2016-06-03,49.6,49.79,49.27,49.44,1313336
2016-06-06,49.4,49.7497,49.1675,49.305,1162304
2016-06-07,49.41,49.625,49.2251,49.565,1239636
2016-06-08,49.445,49.575,49.245,49.435,1862640
2016-06-09,49.49,49.9425,49.3916,49.915,1236674
2016-06-10,49.825,50.08,49.52,49.94,1331090
2016-06-13,49.945,50.175,49.5115,49.57,1304340
2016-06-14,49.515,49.94,49.1675,49.845,942904
2016-06-15,50.0,50.0,49.375,49.45,952854
2016-06-16,49.435,49.805,49.18,49.7,1469986
2016-06-17,49.65,49.65,48.9,49.285,2027876
2016-06-20,49.68,49.89,49.41,49.62,937664
2016-06-21,49.765,49.985,49.495,49.835,924818
2016-06-22,49.93,50.17,49.815,50.12,1094256
2016-06-23,50.225,50.47,49.915,50.255,798768
2016-06-24,49.35,50.18,48.955,49.09,1920528
2016-06-27,48.9,49.68,48.8,49.37,2103120
2016-06-28,49.435,49.995,49.035,49.99,1400072
2016-06-29,50.065,50.495,49.585,49.96,1112050
2016-06-30,50.15,51.445,50.05,51.445,1795426
2016-07-01,51.445,51.5425,50.8675,51.155,936156
2016-07-05,51.21,52.2725,51.21,51.67,1621756
2016-07-06,51.645,51.695,50.545,50.655,2176444
2016-07-07,50.715,50.82,50.215,50.33,1502012
2016-07-08,50.575,50.705,50.1574,50.65,1943658
2016-07-11,50.76,50.89,50.18,50.845,1323496
2016-07-12,50.795,50.97,49.7275,49.785,1387078
2016-07-13,49.92,50.28,49.67,49.99,1149656
2016-07-14,50.26,50.53,49.86,49.98,884146
2016-07-15,50.115,50.3772,50.02,50.145,885938
2016-07-18,50.29,50.36,49.72,49.92,1191000
2016-07-19,49.965,50.36,49.835,50.36,947042
2016-07-20,50.345,50.495,49.755,49.81,1002840
2016-07-21,49.81,49.86,49.425,49.7,889276
2016-07-22,49.775,50.165,49.42,50.145,825330
2016-07-25,50.115,50.18,49.88,50.18,686794
2016-07-26,50.235,50.39,49.4,49.42,982860
2016-07-27,49.4,49.4,48.5251,48.875,1363338
2016-07-28,48.9,49.355,48.755,49.255,900214
2016-07-29,49.19,49.475,48.94,49.12,1880024
2016-08-01,49.175,49.7235,49.0,49.6,1239936
2016-08-02,49.5,49.69,49.015,49.085,1129634
2016-08-03,49.22,49.22,48.51,48.81,1352856
2016-08-04,49.21,50.775,48.85,50.59,1871052
2016-08-05,50.635,50.86,50.005,50.26,1569254
2016-08-08,50.225,50.26,49.79,50.035,1590888
2016-08-09,50.055,50.61,49.82,50.475,1235704
2016-08-10,50.375,50.8,50.275,50.705,953198
2016-08-11,50.82,51.195,50.005,50.16,1197556
2016-08-12,50.235,50.31,50.0385,50.24,874260
2016-08-15,50.25,50.42,50.0025,50.015,829794
2016-08-16,49.835,50.07,49.625,49.645,1626834
2016-08-17,49.645,49.76,49.225,49.615,1633898
2016-08-18,49.645,50.0025,49.45,49.965,1129186
2016-08-19,49.795,49.9425,49.43,49.705,1244596
2016-08-22,49.675,49.9425,49.585,49.92,1212850
2016-08-23,49.965,50.09,49.845,49.855,862976
2016-08-24,49.775,49.85,49.19,49.575,1158136
2016-08-25,49.575,50.0,49.46,49.845,989068
2016-08-26,49.89,50.195,49.325,49.55,805898
2016-08-29,49.68,50.01,49.67,50.0,809752
2016-08-30,50.0,50.0,49.615,49.715,555370
2016-08-31,49.595,49.89,49.525,49.71,1181732
2016-09-01,49.82,49.995,49.51,49.875,1339758
2016-09-02,50.0,50.1405,49.85,49.97,1009071
2016-09-06,50.13,50.44,49.94,50.31,1140311
2016-09-07,50.23,50.38,49.035,49.13,1296674
2016-09-08,49.02,49.03,48.165,48.5,1561833
2016-09-09,48.4,48.4,47.385,47.39,1607586
2016-09-12,47.39,47.87,47.07,47.54,1849956
2016-09-13,47.36,47.46,46.95,46.96,1349673
2016-09-14,47.15,47.275,46.68,46.81,795980
2016-09-15,46.91,47.215,46.74,47.11,782595
2016-09-16,47.0,47.0,46.6284,46.8,1315530
2016-09-19,46.75,47.13,46.67,46.94,1062561
2016-09-20,47.04,47.62,47.02,47.42,1616850
2016-09-21,47.41,47.87,47.32,47.85,1940171
2016-09-22,47.9,48.85,47.85,48.8,2054258
2016-09-23,48.62,48.78,48.03,48.14,1245584
2016-09-26,48.11,48.17,47.655,47.99,1197391
2016-09-27,48.08,48.195,47.81,47.95,1272647
2016-09-28,47.82,48.36,47.82,48.33,1050471
2016-09-29,48.11,48.19,47.51,47.56,1077888
2016-09-30,47.72,48.15,47.67,47.92,1456939
2016-10-03,47.7,47.86,46.93,47.0,1380733
2016-10-04,47.21,47.21,46.08,46.24,2053396
2016-10-05,46.25,46.43,46.03,46.26,4889853
2016-10-06,46.19,46.69,46.11,46.41,1523725
2016-10-07,46.9,47.27,46.57,46.92,2333281
2016-10-10,47.12,47.42,46.76,47.01,1492762
2016-10-11,46.98,47.015,46.64,46.97,1725381
2016-10-12,46.93,48.13,46.93,47.84,2438685
2016-10-13,47.59,48.18,47.485,47.78,2085067
2016-10-14,47.78,48.12,47.64,47.92,1135335
2016-10-17,47.97,48.31,47.79,48.28,1760055
2016-10-18,48.45,48.7,48.18,48.2,1595292
2016-10-19,48.17,48.17,47.69,47.74,1276825
2016-10-20,47.71,47.78,47.32,47.49,1341013
2016-10-21,47.44,47.625,47.12,47.51,1015143
2016-10-24,47.5,47.64,47.19,47.33,1219753
2016-10-25,47.5,48.35,47.475,48.11,1855642
2016-10-26,48.01,48.11,47.7,47.83,761931
2016-10-27,47.88,48.04,47.34,47.73,1283692
2016-10-28,47.82,48.3125,47.74,48.24,1105281
2016-10-31,48.25,48.41,47.99,48.26,1168497
2016-11-01,48.16,48.33,47.37,47.59,2027716
2016-11-02,47.47,47.625,47.05,47.25,1781593
2016-11-03,45.0,45.62,43.35,44.12,6583384
2016-11-04,44.17,44.84,43.75,43.78,3563152
2016-11-07,44.0,44.475,44.0,44.43,1864213
2016-11-08,44.39,46.0,44.39,45.84,3318052
2016-11-09,45.02,45.74,44.38,45.54,2733624
2016-11-10,45.41,45.44,43.2,43.39,4994101
2016-11-11,42.99,43.815,42.9,43.71,2214232
2016-11-14,43.38,44.23,43.2,43.92,3116286
2016-11-15,44.11,44.81,44.02,44.57,3334034
2016-11-16,44.65,45.59,44.34,44.61,2756498
2016-11-17,44.51,44.735,44.245,44.43,1865683
2016-11-18,44.33,44.965,44.29,44.79,1977891
2016-11-21,44.82,44.97,44.52,44.82,1216395
2016-11-22,45.02,45.3,44.79,44.86,1629633
2016-11-23,44.66,45.075,44.54,44.66,1151843
2016-11-25,44.71,45.12,44.51,45.06,438049
2016-11-28,45.02,45.034,44.63,44.86,1070676
2016-11-29,44.72,45.038,44.61,44.84,1177757
2016-11-30,44.63,44.69,43.77,43.79,1729145
2016-12-01,43.72,43.8,42.555,42.77,2490906
2016-12-02,42.96,43.58,42.9,43.41,1999003
2016-12-05,43.61,44.17,43.5415,44.16,2341442
2016-12-06,44.41,44.77,43.94,44.75,2462912
2016-12-07,44.62,45.03,44.39,44.88,2208699
2016-12-08,44.59,44.8,43.67,43.79,1730780
2016-12-09,43.79,44.42,43.79,44.32,1391957
2016-12-12,44.24,44.72,44.15,44.47,1380720
2016-12-13,44.45,44.7199,44.3,44.33,2161477
2016-12-14,44.41,45.45,44.38,44.75,2709885
2016-12-15,44.68,44.88,44.24,44.85,1443280
2016-12-16,44.8,45.11,44.65,44.96,2321545
2016-12-19,44.97,45.12,44.51,44.63,1262233
2016-12-20,44.69,44.92,44.44,44.74,1051986
2016-12-21,44.69,45.01,44.39,44.57,1082517
2016-12-22,44.4,44.54,44.13,44.51,1405954
2016-12-23,44.51,44.96,44.51,44.72,655356
2016-12-27,44.5,45.1,44.5,45.03,1085519
2016-12-28,45.04,45.12,44.13,44.15,1389188
2016-12-29,44.31,44.85,44.18,44.82,1050230
2016-12-30,44.9,45.05,44.0,44.19,2396183
2017-01-03,44.25,44.53,43.85,44.34,3126646
2017-01-04,44.52,44.97,44.41,44.7,1787315
2017-01-05,44.71,44.91,44.48,44.89,1358342
2017-01-06,44.87,44.9682,44.45,44.87,1191986
2017-01-09,44.65,44.73,43.89,44.3,1441048
2017-01-10,44.36,44.425,43.39,43.58,1854886
2017-01-11,43.55,43.81,43.38,43.56,1939009
2017-01-12,43.58,43.7,43.26,43.47,1927976
2017-01-13,43.55,43.88,43.48,43.78,1187321
2017-01-17,43.83,44.75,43.79,44.52,1557499
2017-01-18,44.33,44.87,44.25,44.74,2303143
2017-01-19,44.59,44.98,44.45,44.93,2514363
2017-01-20,45.0,45.6,44.99,45.55,3588442
2017-01-23,45.37,45.56,45.01,45.53,2725609
2017-01-24,45.49,46.15,45.315,46.09,1859047
2017-01-25,46.15,46.65,46.015,46.23,3114452
2017-01-26,46.16,46.26,45.9,46.1,1788806
2017-01-27,45.74,45.77,44.965,45.34,2792264
