2013-02-08,38.86,39.84,38.755,39.84,2648975
2013-02-11,40.04,40.1283,39.395,39.69,3309098
2013-02-12,39.79,40.02,39.68,39.89,2206512
2013-02-13,40.23,40.55,39.925,40.42,2341325
2013-02-14,40.24,40.95,40.22,40.88,2161961
2013-02-15,40.99,41.0,40.43,40.53,1924981
2013-02-19,40.73,40.93,40.32,40.91,1749455
2013-02-20,41.04,41.56,40.82,41.12,1427516
2013-02-21,41.62,41.62,40.75,41.12,1639702
2013-02-22,41.35,41.48,40.8501,41.13,1164866
2013-02-25,41.33,41.49,40.09,40.11,2403836
2013-02-26,40.14,40.42,39.99,40.05,1460496
2013-02-27,40.01,40.62,39.99,40.52,1515133
2013-02-28,40.43,40.68,40.0,40.02,1494528
2013-03-01,40.1,40.43,39.88,40.11,2154667
2013-03-04,40.01,40.35,40.01,40.08,1433375
2013-03-05,40.29,40.835,40.285,40.7,1031526
2013-03-06,40.7,41.42,40.7,40.95,1664088
2013-03-07,40.91,41.47,40.89,41.06,930258
2013-03-08,41.3,41.75,41.07,41.67,778687
2013-03-11,41.68,42.28,41.38,42.28,1459056
2013-03-12,42.05,42.2199,41.69,42.15,1008332
2013-03-13,41.55,41.98,41.3,41.81,1197633
2013-03-14,42.0,42.32,41.78,42.23,910248
2013-03-15,42.04,42.67,42.04,42.38,1271851
2013-03-18,42.06,42.3699,41.8,42.22,637186
2013-03-19,42.41,42.45,41.57,41.83,962663
2013-03-20,42.02,42.38,42.02,42.241,730346
2013-03-21,42.19,43.08,42.02,42.89,1152438
2013-03-22,42.93,43.915,42.79,43.84,1746914
2013-03-25,43.97,44.14,43.39,43.67,1376132
2013-03-26,43.64,43.855,43.45,43.83,985356
2013-03-27,43.73,43.95,43.555,43.67,660371
2013-03-28,43.82,44.0,43.61,43.94,992982
2013-04-01,44.0,44.03,43.41,43.56,979962
2013-04-02,43.63,43.63,43.201,43.39,1006608
2013-04-03,43.43,43.61,42.92,43.03,1494167
2013-04-04,43.23,43.69,42.98,43.46,1034239
2013-04-05,42.87,43.34,42.57,43.33,1822240
2013-04-08,43.33,43.39,43.035,43.25,1124740
2013-04-09,43.25,44.01,43.08,43.91,860274
2013-04-10,44.03,44.75,43.8,44.71,1705585
2013-04-11,44.83,45.5402,44.72,45.065,1456507
2013-04-12,44.83,45.1,44.33,44.91,713168
2013-04-15,44.65,45.03,43.68,43.8,839962
2013-04-16,43.92,44.3786,43.79,44.33,723680
2013-04-17,44.36,44.39,43.34,43.74,1150820
2013-04-18,43.71,44.57,43.46,44.34,1346566
2013-04-19,44.36,45.12,44.05,45.02,1393772
2013-04-22,46.385,48.46,45.86,46.55,5194603
2013-04-23,47.0,47.795,46.46,47.76,1870042
2013-04-24,47.5,47.7,46.71,47.28,2169036
2013-04-25,47.42,48.4,47.2601,47.76,1290400
2013-04-26,47.81,47.9399,47.27,47.27,1350909
2013-04-29,47.02,47.68,46.9,47.65,1244104
2013-04-30,47.7,47.73,47.21,47.37,1156832
2013-05-01,47.5,47.739,46.67,47.05,1362325
2013-05-02,47.05,47.55,46.72,46.81,1240046
2013-05-03,47.1,47.39,46.96,47.22,1034355
2013-05-06,47.41,47.44,46.841,47.15,1218605
2013-05-07,47.04,47.52,47.0,47.46,1585637
2013-05-08,47.46,47.72,47.4,47.6,1119234
2013-05-09,47.7,47.89,47.42,47.59,1011482
2013-05-10,47.38,47.91,47.37,47.51,1183303
2013-05-13,47.48,47.74,47.22,47.46,1227929
2013-05-14,47.39,47.63,47.01,47.51,1875167
2013-05-15,47.55,47.78,47.37,47.61,1431602
2013-05-16,47.63,47.88,47.14,47.21,1060011
2013-05-17,47.33,47.94,47.33,47.91,932523
2013-05-20,47.94,47.97,47.59,47.7,735830
2013-05-21,47.9,48.72,47.79,48.46,1692122
2013-05-22,48.4,48.97,47.3,47.48,1499247
2013-05-23,47.06,47.21,46.4999,46.97,1353687
2013-05-24,46.56,47.68,46.37,47.16,1319991
2013-05-28,47.63,48.0,46.635,46.72,928283
2013-05-29,46.45,46.69,44.22,44.445,4442700
2013-05-30,44.39,45.12,44.29,44.83,1239894
2013-05-31,44.46,45.02,44.44,44.48,1308688
2013-06-03,44.97,44.98,44.1,44.81,1067009
2013-06-04,44.78,44.98,44.14,44.66,1532028
2013-06-05,44.45,44.63,44.06,44.1,649263
2013-06-06,44.17,44.26,43.46,44.18,1231235
2013-06-07,44.3,45.04,44.13,45.0,972582
2013-06-10,44.99,45.12,44.51,44.59,1182411
2013-06-11,44.32,44.86,43.77,44.7,1203992
2013-06-12,44.9,44.99,43.8,43.81,960948
2013-06-13,43.89,44.44,43.73,44.32,800860
2013-06-14,44.39,44.64,44.0,44.09,794120
2013-06-17,44.24,44.91,44.115,44.31,998348
2013-06-18,44.38,44.87,44.365,44.745,679058
2013-06-19,44.58,45.3299,44.58,44.88,1212573
2013-06-20,44.45,44.55,43.73,43.81,1117254
2013-06-21,44.14,44.54,43.85,44.34,1891130
2013-06-24,44.17,44.21,43.685,43.85,950926
2013-06-25,44.05,44.259,43.64,43.98,1236007
2013-06-26,44.45,44.59,43.8,44.13,1170603
2013-06-27,44.25,44.7403,44.16,44.63,772436
2013-06-28,44.69,45.24,44.36,44.83,1353448
2013-07-01,44.95,45.76,44.77,45.73,1343095
2013-07-02,45.6,46.08,45.51,45.91,1274219
2013-07-03,45.8,46.2,45.63,46.03,517108
2013-07-05,46.41,46.62,45.842,46.61,538344
2013-07-08,46.7,47.21,46.6501,46.71,1263462
2013-07-09,47.06,47.55,46.86,47.23,1008714
2013-07-10,47.06,47.23,46.54,46.95,1183494
2013-07-11,47.56,47.6,46.74,47.28,1065590
2013-07-12,47.28,47.75,47.28,47.64,841178
2013-07-15,47.78,47.84,47.24,47.45,912204
2013-07-16,47.41,47.55,46.91,47.16,1308759
2013-07-17,46.0,46.67,45.62,46.03,1979465
2013-07-18,46.2,46.55,46.06,46.48,1448652
2013-07-19,46.27,46.46,45.35,45.38,2423940
2013-07-22,45.12,47.97,44.9007,46.87,3772884
2013-07-23,47.98,48.35,47.6301,47.83,3351371
2013-07-24,47.72,47.93,46.84,47.12,1622369
2013-07-25,47.0,47.37,46.91,47.1,914426
2013-07-26,46.84,47.22,46.77,47.08,612683
2013-07-29,46.92,47.25,46.7645,47.15,1646111
2013-07-30,46.86,46.97,46.07,46.4,1255425
2013-07-31,46.62,46.63,45.95,46.0,805791
2013-08-01,46.08,47.06,46.0,46.96,1585003
2013-08-02,46.97,47.165,46.75,46.99,875556
2013-08-05,46.8,47.01,46.71,46.8,616243
2013-08-06,46.68,46.87,45.96,46.26,1218504
2013-08-07,46.02,46.22,45.71,45.93,711679
2013-08-08,46.24,46.405,46.07,46.33,630601
2013-08-09,46.31,46.345,45.86,45.96,1036181
2013-08-12,45.58,46.21,45.13,45.35,2554940
2013-08-13,46.25,46.25,45.16,45.69,814090
2013-08-14,45.61,45.8,45.3001,45.45,477085
2013-08-15,45.21,45.33,44.76,45.04,690017
2013-08-16,45.1,45.26,44.8,44.895,1314903
2013-08-19,44.93,45.28,44.73,44.89,1118337
2013-08-20,44.87,45.26,44.87,45.08,672607
2013-08-21,44.93,45.13,44.74,44.76,685817
2013-08-22,44.87,45.6,44.69,45.26,450215
2013-08-23,45.42,46.15,45.105,46.11,828037
2013-08-26,47.61,47.61,46.29,46.39,1529833
2013-08-27,46.07,46.16,45.54,45.56,794497
2013-08-28,45.56,45.72,45.33,45.64,681660
2013-08-29,45.43,45.935,45.4,45.63,948408
2013-08-30,45.69,45.72,45.151,45.58,1036214
2013-09-03,45.99,46.33,45.74,46.28,1253120
2013-09-04,46.31,46.82,46.19,46.73,1489330
2013-09-05,46.86,47.59,46.73,47.56,1634380
2013-09-06,47.5,48.54,47.35,47.99,1609277
2013-09-09,47.96,48.24,47.95,48.16,1364270
2013-09-10,48.24,48.665,46.92,47.17,2604763
2013-09-11,47.05,47.46,46.99,47.16,1179350
2013-09-12,47.04,47.158,46.455,46.496,1327994
2013-09-13,46.59,46.89,46.23,46.82,1100602
2013-09-16,47.4,47.65,47.11,47.39,864917
2013-09-17,47.39,47.93,47.39,47.76,684372
2013-09-18,47.78,48.8,47.56,48.67,2841165
2013-09-19,48.73,49.45,48.68,49.3,957063
2013-09-20,49.3,49.75,48.75,48.79,1529845
2013-09-23,48.83,48.91,48.15,48.52,1397540
2013-09-24,48.55,48.93,48.33,48.41,1055670
2013-09-25,48.4,48.59,47.62,47.9,1151275
2013-09-26,48.36,48.36,47.405,47.67,932673
2013-09-27,47.3,47.6115,47.12,47.38,970460
2013-09-30,47.11,47.28,46.825,47.14,1089626
2013-10-01,47.05,47.78,46.98,47.619,1067778
2013-10-02,47.35,47.41,46.75,47.34,971257
2013-10-03,47.11,47.44,46.68,46.97,1027792
2013-10-04,46.9,47.46,46.82,47.43,804544
2013-10-07,47.11,47.32,46.45,46.63,962306
2013-10-08,46.63,46.65,45.73,45.93,1552347
2013-10-09,46.1,46.22,45.85,45.99,886449
2013-10-10,46.29,46.65,46.2,46.3,803887
2013-10-11,46.12,46.83,46.12,46.72,994875
2013-10-14,46.38,46.68,46.221,46.52,1798313
2013-10-15,46.33,46.56,45.77,45.99,1617840
2013-10-16,47.27,47.54,45.44,46.1,3918488
2013-10-17,45.75,46.85,45.75,46.83,1499046
2013-10-18,47.0,47.345,46.57,47.24,1906495
2013-10-21,48.93,51.68,48.71,49.72,5335653
2013-10-22,50.11,50.16,49.65,49.99,3184137
2013-10-23,49.99,50.3874,49.13,50.07,2541006
2013-10-24,50.18,51.05,50.15,50.57,995013
2013-10-25,50.73,52.52,50.73,52.05,2998384
2013-10-28,52.11,52.47,51.84,52.13,1832541
2013-10-29,52.4,53.68,52.2704,53.38,2208678
2013-10-30,52.98,53.37,51.965,52.25,1626449
2013-10-31,52.14,52.7399,51.65,51.65,1410545
2013-11-01,51.68,52.39,51.36,51.84,954672
2013-11-04,52.03,52.51,51.7,52.24,1604456
2013-11-05,51.79,52.26,51.51,52.09,865002
2013-11-06,52.37,52.37,51.91,52.29,1162401
2013-11-07,51.7,52.16,50.42,50.6,1840434
2013-11-08,50.59,50.98,50.1674,50.48,2721216
2013-11-11,50.51,51.6,50.51,51.25,1463586
2013-11-12,51.15,51.38,50.72,51.25,899460
2013-11-13,51.12,52.95,50.99,52.95,2595464
2013-11-14,52.75,53.0,52.42,52.735,915066
2013-11-15,52.62,52.97,52.23,52.73,955738
2013-11-18,52.85,52.926,52.02,52.08,826535
2013-11-19,52.14,52.23,51.62,51.78,853475
2013-11-20,51.88,52.14,51.73,51.9,969158
2013-11-21,52.15,52.25,51.59,52.1,888491
2013-11-22,51.78,52.925,51.5,52.88,1330011
2013-11-25,53.0,53.86,52.41,53.59,1812152
2013-11-26,53.72,53.91,53.37,53.75,1316674
2013-11-27,53.69,54.07,53.29,53.85,1015782
2013-11-29,53.73,54.11,53.71,53.82,340620
2013-12-02,53.98,54.14,53.54,53.66,1163270
2013-12-03,53.4,53.8397,52.45,52.97,1426957
2013-12-04,52.67,52.88,51.01,52.07,4121343
2013-12-05,52.11,52.58,51.41,52.37,2764640
2013-12-06,52.77,52.92,51.7,51.76,1898462
2013-12-09,51.76,52.44,51.52,52.41,1489386
2013-12-10,52.29,52.69,52.07,52.25,974088
2013-12-11,52.29,52.42,51.56,51.61,898749
2013-12-12,51.42,51.85,51.37,51.48,938079
2013-12-13,51.45,52.11,51.37,51.76,598315
2013-12-16,51.76,52.015,51.11,51.31,791007
2013-12-17,51.08,51.61,51.0,51.53,850788
2013-12-18,51.7,52.48,51.13,52.45,1275367
2013-12-19,52.1,52.97,52.1,52.27,1662364
2013-12-20,50.22,52.72,50.22,52.49,1510681
2013-12-23,52.9,53.22,52.585,53.16,1591522
2013-12-24,53.33,53.75,53.2,53.45,449263
2013-12-26,53.46,54.245,53.19,54.16,1066544
2013-12-27,54.01,54.55,54.0,54.4,1177967
2013-12-30,54.43,55.045,54.39,54.97,892661
2013-12-31,55.16,55.16,54.69,55.01,776847
2014-01-02,54.89,55.18,54.56,54.58,2326340
2014-01-03,51.6,54.5,51.6,54.11,848568
2014-01-06,54.22,54.37,53.647,53.73,900279
2014-01-07,54.3,54.309,53.5,53.78,1461831
2014-01-08,53.78,53.89,53.31,53.72,1045746
2014-01-09,53.83,53.8899,52.661,52.98,1750201
2014-01-10,52.97,53.43,52.68,53.04,1615913
2014-01-13,52.8,53.18,52.095,52.25,1249421
2014-01-14,52.44,52.54,51.91,52.31,1231495
2014-01-15,52.26,52.397,51.965,52.27,733381
2014-01-16,51.98,52.5,51.86,52.35,927303
2014-01-17,52.24,52.635,51.8,52.0,868043
2014-01-21,52.41,52.48,51.48,51.81,915798
2014-01-22,51.73,52.46,51.54,52.37,844254
2014-01-23,52.35,52.35,51.455,51.86,913427
2014-01-24,51.12,51.52,50.97,51.27,1522960
2014-01-27,51.28,51.71,50.87,51.1,1197675
2014-01-28,51.15,52.11,50.92,51.97,1905407
2014-01-29,51.41,51.64,50.51,50.82,1340296
2014-01-30,51.0,51.35,50.83,51.239,1074610
2014-01-31,48.75,49.3,47.72,49.12,4776746
2014-02-03,47.48,49.32,47.48,48.08,2313923
2014-02-04,48.3,49.17,48.01,48.68,1641802
2014-02-05,48.5,49.12,48.28,48.76,1716459
2014-02-06,49.04,49.935,48.98,49.66,2096246
2014-02-07,49.92,50.29,49.42,50.09,1775357
2014-02-10,50.94,53.68,50.09,52.36,6195559
2014-02-11,52.46,52.58,51.74,52.37,1854959
2014-02-12,52.07,52.35,51.86,51.95,2264369
2014-02-13,51.86,53.03,51.65,52.92,1148755
2014-02-14,52.94,53.03,52.46,52.82,841283
2014-02-18,52.81,52.99,52.32,52.96,1896108
2014-02-19,52.7,53.89,52.49,53.87,2261764
2014-02-20,54.04,54.46,53.81,54.27,1646725
2014-02-21,54.29,54.63,54.2,54.3,1257903
2014-02-24,54.65,55.02,54.41,54.48,2047795
2014-02-25,54.56,54.86,54.405,54.68,979935
2014-02-26,54.5,55.25,54.39,55.04,1257565
2014-02-27,54.96,55.18,54.7275,55.03,1282526
2014-02-28,54.79,55.58,54.48,55.16,1367550
2014-03-03,54.84,55.08,54.4575,54.65,769434
2014-03-04,55.04,55.58,54.79,54.96,1246412
2014-03-05,54.82,54.975,54.47,54.83,1067569
2014-03-06,54.98,55.32,54.81,55.08,866375
2014-03-07,55.32,55.6,54.73,54.77,967665
2014-03-10,54.8,54.9,54.49,54.84,631261
2014-03-11,54.67,54.78,54.41,54.5,1226212
2014-03-12,54.16,54.68,53.84,54.58,1283476
2014-03-13,54.81,55.19,54.28,54.64,1456990
2014-03-14,54.62,55.14,54.5,54.66,996132
2014-03-17,54.84,55.5,54.8101,54.96,1175991
2014-03-18,54.93,55.49,54.8,55.06,845718
2014-03-19,55.21,55.368,54.345,54.74,873442
2014-03-20,54.54,55.07,54.47,54.93,808301
2014-03-21,55.36,55.51,54.67,55.2,2580617
2014-03-24,55.11,55.31,54.699,54.95,1130135
2014-03-25,55.15,55.22,54.35,54.59,1319083
2014-03-26,54.83,55.36,54.39,54.47,981486
2014-03-27,54.62,54.64,54.02,54.51,933136
2014-03-28,54.84,55.67,54.785,55.18,879145
2014-03-31,55.36,55.7547,55.24,55.62,752873
2014-04-01,55.88,56.46,55.87,56.39,1214482
2014-04-02,56.36,56.72,56.11,56.29,1202238
2014-04-03,56.21,56.41,55.6,55.77,890291
2014-04-04,55.3,55.84,54.72,54.99,1292015
2014-04-07,54.95,54.98,54.31,54.52,1169185
2014-04-08,54.52,55.09,54.52,54.56,1255546
2014-04-09,54.72,55.26,54.66,55.09,846458
2014-04-10,55.02,55.17,54.23,54.3,1128082
2014-04-11,54.12,54.32,53.56,53.63,1038797
2014-04-14,53.84,55.1699,53.31,53.65,1058311
2014-04-15,53.45,54.07,52.91,53.48,1307836
2014-04-16,53.67,54.02,53.6,53.85,828079
2014-04-17,53.91,55.05,53.72,54.61,1999820
2014-04-21,56.07,56.91,54.27,55.66,1563646
2014-04-22,55.7,55.98,55.265,55.3,957616
2014-04-23,55.41,55.58,54.68,55.04,1932947
2014-04-24,55.11,55.39,54.7501,54.95,891779
2014-04-25,54.91,55.22,54.705,54.72,796736
2014-04-28,54.99,55.94,54.74,55.69,1696696
2014-04-29,55.32,55.5,54.95,55.18,875286
2014-04-30,55.13,55.34,54.65,55.26,1156680
2014-05-01,55.14,55.935,55.14,55.66,711968
2014-05-02,55.77,56.11,55.69,55.77,573035
2014-05-05,55.5,55.66,55.12,55.52,842760
2014-05-06,55.42,55.96,55.36,55.39,764675
2014-05-07,55.34,55.73,55.07,55.35,964767
2014-05-08,55.28,55.65,55.01,55.27,753286
2014-05-09,55.18,55.56,55.01,55.42,597967
2014-05-12,56.02,56.055,55.43,55.59,982377
2014-05-13,55.53,55.76,55.25,55.5,790625
2014-05-14,55.27,55.57,54.91,54.95,596154
2014-05-15,54.98,55.0,53.58,54.04,1573361
2014-05-16,53.9,54.365,53.59,54.19,644982
2014-05-19,53.86,54.34,53.77,53.87,793897
2014-05-20,53.73,53.85,53.14,53.34,586991
2014-05-21,53.43,53.82,53.18,53.7,621319
2014-05-22,53.65,53.96,53.59,53.7,664958
2014-05-23,53.59,53.88,53.5,53.85,970466
2014-05-27,53.9,53.9,53.16,53.53,1289809
2014-05-28,53.51,53.66,53.05,53.39,937782
2014-05-29,53.31,53.52,53.02,53.35,921690
2014-05-30,53.48,53.84,53.37,53.7,1046021
2014-06-02,53.56,53.69,52.085,52.18,1554186
2014-06-03,52.17,52.23,51.235,51.48,2199694
2014-06-04,51.35,52.13,51.0791,52.09,1319512
2014-06-05,52.29,52.49,51.8269,52.45,911534
2014-06-06,52.4,52.48,52.08,52.19,943727
2014-06-09,52.6,53.24,52.21,53.08,1424474
2014-06-10,52.89,53.15,52.65,53.09,1396297
2014-06-11,52.87,53.07,52.7,52.91,1146455
2014-06-12,52.75,52.89,52.35,52.46,1229193
2014-06-13,52.64,52.72,52.2645,52.39,707723
2014-06-16,52.16,52.55,52.005,52.2,843119
2014-06-17,52.22,52.46,51.95,52.41,703449
2014-06-18,52.49,52.49,52.13,52.38,1066176
2014-06-19,52.43,52.72,51.965,52.44,929695
2014-06-20,52.68,52.78,52.27,52.65,1388128
2014-06-23,52.8,53.86,52.755,53.77,1639804
2014-06-24,53.86,53.93,53.37,53.53,915848
2014-06-25,53.06,53.835,52.78,53.05,919799
2014-06-26,53.05,53.09,52.25,52.85,638327
2014-06-27,52.64,53.29,52.64,53.25,595400
2014-06-30,53.3,53.75,52.72,53.05,683486
2014-07-01,53.11,54.04,53.02,53.82,971125
2014-07-02,53.71,54.01,53.495,53.65,772474
2014-07-03,53.68,54.285,53.68,54.12,507895
2014-07-07,53.76,54.0,53.54,53.58,761503
2014-07-08,53.41,53.86,53.32,53.58,1187242
2014-07-09,53.64,54.445,53.64,54.11,1016132
2014-07-10,53.47,54.17,53.47,53.73,1156805
2014-07-11,53.8,54.68,53.7,54.39,939993
2014-07-14,54.59,54.99,54.08,54.16,1219926
2014-07-15,54.04,54.29,53.53,53.53,1306317
2014-07-16,53.54,53.69,52.48,52.55,1911431
2014-07-17,51.8,52.99,51.66,52.92,2574102
2014-07-18,52.72,53.36,52.72,53.21,1032522
2014-07-21,52.26,52.49,51.3,51.78,3064797
2014-07-22,53.18,53.18,51.05,51.65,2288886
2014-07-23,51.49,52.16,51.14,51.17,1347685
2014-07-24,51.15,51.82,51.13,51.8,981509
2014-07-25,51.71,51.85,51.39,51.46,1445885
2014-07-28,51.39,51.68,51.05,51.14,1621865
2014-07-29,51.17,51.3,50.22,50.69,1269840
2014-07-30,50.47,50.85,50.09,50.69,845509
2014-07-31,50.47,50.7799,49.8703,49.95,828311
2014-08-01,49.9,49.95,49.36,49.6,1006679
2014-08-04,49.68,49.9,49.52,49.705,801365
2014-08-05,49.74,50.31,49.52,50.05,1274295
2014-08-06,50.0,50.45,49.83,50.27,1018822
2014-08-07,50.68,50.68,49.59,49.68,754405
2014-08-08,49.75,50.645,49.75,50.4,999224
2014-08-11,50.48,50.85,50.48,50.56,836691
2014-08-12,50.63,50.85,50.15,50.25,468721
2014-08-13,48.01,50.68,48.01,50.32,735439
2014-08-14,50.4,51.15,50.4,51.01,823335
2014-08-15,51.21,51.43,50.49,50.79,524663
2014-08-18,51.17,51.6665,51.13,51.59,800305
2014-08-19,51.56,51.995,51.56,51.9,743947
2014-08-20,51.54,52.345,51.49,52.14,815315
2014-08-21,52.29,52.7,52.2,52.6,940207
2014-08-22,51.51,52.99,51.51,52.47,693572
2014-08-25,52.95,52.985,52.52,52.71,599012
2014-08-26,52.63,52.71,51.9,52.23,1167708
2014-08-27,52.4,52.64,51.98,52.26,894528
2014-08-28,52.12,52.37,51.76,52.12,528438
2014-08-29,52.2,52.74,52.04,52.655,792363
2014-09-02,52.73,53.02,52.48,52.665,763007
2014-09-03,52.87,53.26,52.77,53.26,1009406
2014-09-04,53.34,53.92,53.11,53.85,1158166
2014-09-05,53.65,54.11,53.57,54.02,775092
2014-09-08,54.0,54.25,53.85,54.0,626764
2014-09-09,54.03,54.11,53.57,53.67,1252197
2014-09-10,53.76,53.83,53.5401,53.72,609112
2014-09-11,53.61,54.05,53.61,53.89,900097
2014-09-12,53.88,54.05,53.59,53.67,827757
2014-09-15,53.74,53.78,53.48,53.54,638076
2014-09-16,53.56,53.71,53.37,53.44,750287
2014-09-17,53.4,54.03,53.25,53.77,806823
2014-09-18,53.96,53.99,53.57,53.91,406648
2014-09-19,54.16,54.61,53.88,54.12,1292428
2014-09-22,54.12,54.325,53.37,53.41,714797
2014-09-23,53.32,53.47,52.87,52.94,498872
2014-09-24,52.93,55.78,52.86,54.95,2862825
2014-09-25,54.92,55.3699,54.32,54.65,988255
2014-09-26,54.6,55.61,54.6,55.33,966475
2014-09-29,54.8,55.27,54.7,55.05,810945
2014-09-30,55.05,55.39,54.74,54.995,956406
2014-10-01,55.04,55.37,54.57,54.85,1535126
2014-10-02,54.78,55.34,54.535,55.26,739826
2014-10-03,55.59,56.06,55.39,55.42,933350
2014-10-06,55.59,56.09,54.89,55.1,1204395
2014-10-07,54.91,55.18,54.65,54.755,1257010
2014-10-08,54.8,55.61,54.65,55.52,804238
2014-10-09,55.51,55.96,54.81,54.85,748374
2014-10-10,54.97,55.49,54.51,55.0,970745
2014-10-13,54.9,55.21,54.58,54.66,1118217
2014-10-14,54.91,55.5,54.7,54.83,1111314
2014-10-15,54.18,54.89,53.42,54.33,1984726
2014-10-16,54.03,54.32,52.74,54.21,1763033
2014-10-17,54.51,54.8,53.85,53.85,2197582
2014-10-20,53.89,57.16,53.87,56.51,3106027
2014-10-21,56.84,58.04,56.46,57.72,2876684
2014-10-22,57.85,58.06,56.83,56.91,1470544
2014-10-23,57.43,57.825,57.3,57.48,1179150
2014-10-24,57.64,57.875,57.33,57.605,716139
2014-10-27,57.5,57.73,57.17,57.31,1062967
2014-10-28,57.45,57.83,57.16,57.73,916726
2014-10-29,57.79,57.969,57.31,57.62,678964
2014-10-30,56.97,57.52,56.7405,57.18,911611
2014-10-31,57.73,57.96,57.37,57.53,1110555
2014-11-03,57.69,57.69,57.15,57.64,804027
2014-11-04,57.56,57.93,57.19,57.36,741718
2014-11-05,57.65,57.88,57.23,57.85,635091
2014-11-06,57.99,58.41,57.64,58.12,1041438
2014-11-07,58.03,58.39,57.72,57.98,854037
2014-11-10,57.91,58.19,57.02,57.08,1474212
2014-11-11,57.26,57.39,56.51,56.67,1375866
2014-11-12,56.58,57.57,56.51,57.47,1082304
2014-11-13,56.09,56.1,54.15,54.98,3957678
2014-11-14,55.5,55.87,53.74,54.02,1886069
2014-11-17,56.25,57.225,55.92,56.37,2112173
2014-11-18,56.19,56.65,55.86,56.12,1103857
2014-11-19,56.11,56.45,55.92,56.13,859109
2014-11-20,56.0,56.665,55.95,56.51,1119576
2014-11-21,57.08,57.2,56.45,56.69,1274702
2014-11-24,57.06,57.23,56.15,56.66,1587627
2014-11-25,56.89,57.65,56.7938,57.535,1229585
2014-11-26,57.66,58.31,57.14,58.14,1272149
2014-11-28,58.7,59.42,58.48,59.2,750538
2014-12-01,58.62,59.0,57.43,57.46,1415406
2014-12-02,57.43,58.02,57.285,57.46,1082386
2014-12-03,57.31,57.62,56.84,57.08,905575
2014-12-04,56.98,57.2399,56.64,56.75,1716626
2014-12-05,56.92,57.58,56.65,57.23,981467
2014-12-08,57.19,57.2,56.37,56.55,787774
2014-12-09,55.98,56.52,55.84,56.37,1493615
2014-12-10,56.38,56.83,55.49,55.55,1239316
2014-12-11,55.63,56.82,55.63,56.3,672981
2014-12-12,56.31,56.8,56.04,56.06,950027
2014-12-15,56.46,57.04,55.6,56.2,1206311
2014-12-16,56.05,57.3,56.05,56.9,1858682
2014-12-17,57.22,57.86,56.81,57.37,1357894
2014-12-18,58.06,58.37,57.5801,58.36,1075832
2014-12-19,58.0,58.07,54.42,54.63,5091066
2014-12-22,54.82,54.985,54.0,54.33,1592877
2014-12-23,54.68,56.06,54.56,55.215,2225686
2014-12-24,55.56,55.74,55.215,55.25,331817
2014-12-26,55.2,55.78,55.1,55.54,463794
2014-12-29,55.49,56.4,55.49,55.9,1240743
2014-12-30,55.79,55.99,54.98,55.035,1144779
2014-12-31,55.12,55.468,54.92,54.99,885007
2015-01-02,55.45,55.82,54.57,54.97,842184
2015-01-05,54.81,55.3,54.6,55.13,1056856
2015-01-06,55.39,55.58,54.395,54.41,908517
2015-01-07,54.64,55.03,53.42,54.67,1899480
2015-01-08,54.94,55.015,53.75,55.0,1794438
2015-01-09,54.98,55.3,53.13,53.22,1516994
2015-01-12,52.92,53.01,52.3,52.61,1792460
2015-01-13,52.48,53.18,51.42,51.91,1418401
2015-01-14,51.72,52.4,51.57,52.2,1468082
2015-01-15,52.27,52.46,51.77,51.96,1288813
2015-01-16,51.87,52.58,51.825,52.54,1062277
2015-01-20,52.12,52.8,51.49,52.08,1668337
2015-01-21,51.92,52.87,51.804,52.82,1103609
2015-01-22,53.21,54.03,52.76,53.84,1140654
2015-01-23,53.57,55.18,52.7,54.94,2561209
2015-01-26,53.76,55.69,53.27,54.85,2473139
2015-01-27,54.3,55.02,53.69,54.65,1517004
2015-01-28,54.79,55.41,54.72,55.05,1146634
2015-01-29,55.06,55.9,55.0,55.77,1301669
2015-01-30,55.34,55.68,54.58,54.92,1307756
2015-02-02,54.68,54.9056,53.895,54.7,1364405
2015-02-03,54.99,56.27,54.97,56.145,755509
2015-02-04,56.18,57.405,56.18,56.58,1315366
2015-02-05,56.55,56.78,55.89,56.13,1030086
2015-02-06,56.02,56.25,55.26,55.74,1548924
2015-02-09,58.4,60.66,57.2,59.66,4927588
2015-02-10,60.87,61.74,59.84,61.61,2820978
2015-02-11,62.01,62.43,61.11,61.2,1657151
2015-02-12,61.48,62.33,61.39,62.16,940872
2015-02-13,62.16,63.09,62.16,62.735,1436358
2015-02-17,62.58,62.99,62.06,62.47,1311693
2015-02-18,62.52,62.73,61.64,62.12,1216849
2015-02-19,62.26,62.41,61.5,61.78,1948632
2015-02-20,61.0,61.97,60.09,61.83,1668175
2015-02-23,61.98,62.02,61.55,62.02,1370490
2015-02-24,62.17,62.29,61.79,62.05,576063
2015-02-25,62.19,62.78,61.98,62.08,1041191
2015-02-26,62.0,62.6,61.83,62.5,607942
2015-02-27,62.6,62.77,62.0,62.315,730869
2015-03-02,62.45,63.47,62.39,63.15,697698
2015-03-03,62.8,63.18,62.47,62.72,711736
2015-03-04,63.26,63.31,62.11,62.43,645825
2015-03-05,62.62,62.85,62.135,62.43,782657
2015-03-06,62.25,62.26,61.4086,61.65,1158633
2015-03-09,61.92,62.34,61.53,61.97,622465
2015-03-10,61.51,61.64,61.0,61.35,864466
2015-03-11,60.01,61.57,60.01,60.91,727001
2015-03-12,61.18,61.89,60.88,61.7,1182895
2015-03-13,61.82,62.5,60.22,60.73,1278359
2015-03-16,61.07,61.71,60.61,61.5,832653
2015-03-17,61.25,61.69,60.82,61.6,660642
2015-03-18,61.59,61.7,60.285,61.43,930946
2015-03-19,61.21,61.5,60.65,61.1,1308959
2015-03-20,61.32,61.49,60.81,61.08,2512611
2015-03-23,61.28,62.295,61.11,61.38,1128855
2015-03-24,61.57,62.06,61.32,61.49,898586
2015-03-25,61.6,61.65,60.68,60.68,1053786
2015-03-26,60.25,60.83,59.74,60.555,1012705
2015-03-27,60.43,61.51,60.06,61.03,783690
2015-03-30,61.5,62.65,61.13,62.57,1021478
2015-03-31,62.6,63.59,62.23,63.24,1437280
2015-04-01,63.14,63.95,62.56,63.79,1663649
2015-04-02,63.68,63.88,62.92,63.45,997287
2015-04-06,63.26,64.48,63.0,64.15,1053180
2015-04-07,64.15,64.43,63.26,63.61,1089598
2015-04-08,63.94,64.19,63.58,64.04,925827
2015-04-09,64.14,64.28,63.7457,64.21,461305
2015-04-10,64.27,64.59,63.95,64.215,779650
2015-04-13,64.12,64.78,63.78,63.88,854096
2015-04-14,63.77,64.9,63.65,64.48,806262
2015-04-15,64.74,64.99,64.34,64.82,1208430
2015-04-16,64.81,66.321,64.17,66.05,1593491
2015-04-17,65.91,66.29,64.955,65.89,2173894
2015-04-20,70.0,74.36,69.66,74.16,7883616
2015-04-21,74.19,74.75,73.51,73.55,3901348
2015-04-22,72.97,73.34,71.71,71.73,3905126
2015-04-23,71.76,72.33,71.61,71.71,2025853
2015-04-24,72.45,72.46,71.41,71.61,1515756
2015-04-27,71.69,71.98,70.84,71.005,1050969
2015-04-28,71.11,71.36,70.33,71.105,1310704
2015-04-29,70.65,71.14,70.06,70.55,985646
2015-04-30,70.32,70.95,69.91,70.79,1319411
2015-05-01,71.15,72.22,71.112,71.66,1317501
2015-05-04,72.26,72.33,70.56,71.195,907463
2015-05-05,71.02,71.19,69.93,70.18,665581
2015-05-06,70.49,70.57,69.9,70.39,791983
2015-05-07,70.77,71.49,70.726,71.12,1178063
2015-05-08,71.57,71.89,71.08,71.22,552743
2015-05-11,71.56,72.26,71.24,72.0,1263576
2015-05-12,71.62,71.93,70.66,70.96,738337
2015-05-13,71.0,71.2587,70.3,70.44,867101
2015-05-14,70.61,72.0,70.24,71.97,828881
2015-05-15,72.06,72.52,70.752,72.39,634391
2015-05-18,72.26,72.31,71.59,71.97,746408
2015-05-19,72.09,72.26,71.36,71.83,644859
2015-05-20,71.74,72.2,71.34,71.79,704026
2015-05-21,71.93,72.74,71.9,72.55,583123
2015-05-22,72.62,73.02,72.55,72.9,619257
2015-05-26,72.85,73.16,72.03,72.18,587291
2015-05-27,72.1,72.7,72.01,72.4,520421
2015-05-28,72.35,72.81,72.02,72.45,412843
2015-05-29,72.48,72.75,71.6,72.13,1023885
2015-06-01,71.95,73.01,71.53,72.39,627622
2015-06-02,72.06,72.65,71.54,72.17,615405
2015-06-03,72.72,73.25,72.26,72.78,1114530
2015-06-04,72.59,73.06,72.05,72.19,807477
2015-06-05,72.34,72.65,71.54,72.22,773350
2015-06-08,72.31,73.01,72.14,72.34,640488
2015-06-09,72.23,72.79,72.01,72.05,530931
2015-06-10,72.44,72.98,71.8937,72.695,565048
2015-06-11,72.8,73.48,72.78,73.27,894287
2015-06-12,72.92,73.24,72.34,72.82,752863
2015-06-15,72.81,73.09,72.24,72.89,675917
2015-06-16,73.12,73.5,72.91,73.04,734279
2015-06-17,73.12,74.83,73.04,74.59,807631
2015-06-18,74.84,75.8059,74.62,75.49,786247
2015-06-19,75.65,76.49,75.33,76.18,1390552
2015-06-22,76.64,77.25,76.17,76.63,658932
2015-06-23,76.95,77.99,76.93,77.765,1192668
2015-06-24,77.99,78.64,77.76,78.34,1402000
2015-06-25,78.58,78.91,78.05,78.42,1023204
2015-06-26,78.24,78.55,77.22,77.69,1367438
2015-06-29,77.39,77.72,75.53,75.6,947950
2015-06-30,75.9,76.14,74.685,74.79,1999819
2015-07-01,74.03,76.26,74.02,75.78,1858274
2015-07-02,75.57,75.97,74.84,75.92,1399765
2015-07-06,74.69,76.38,74.66,75.85,1403414
2015-07-07,75.52,76.23,75.12,76.16,1356044
2015-07-08,76.17,77.5,76.14,77.05,2135951
2015-07-09,77.44,77.68,75.85,75.94,1589455
2015-07-10,76.86,77.67,76.14,77.22,1629831
2015-07-13,77.27,78.31,76.8,78.22,1088435
2015-07-14,78.24,78.94,77.85,78.69,2423732
2015-07-15,78.58,78.66,77.8901,78.07,1061672
2015-07-16,78.36,78.99,78.01,78.42,1064161
2015-07-17,78.42,79.0,77.3,78.25,2458945
2015-07-20,81.69,84.42,81.69,83.15,3994782
2015-07-21,81.89,81.89,79.96,80.42,3089625
2015-07-22,80.51,80.67,79.45,79.85,1437511
2015-07-23,79.92,80.27,79.05,79.28,1025976
2015-07-24,79.33,79.7948,79.06,79.64,1179130
2015-07-27,79.63,80.13,79.11,79.51,1084804
2015-07-28,79.9,79.9,79.05,79.57,1135575
2015-07-29,79.77,80.92,79.3,80.76,1273375
2015-07-30,80.13,80.34,79.52,79.99,1034407
2015-07-31,80.02,80.15,78.6,78.74,1874195
2015-08-03,78.74,79.02,77.2201,77.74,987023
2015-08-04,77.74,79.69,77.49,78.83,907902
2015-08-05,79.09,79.65,78.78,79.24,729446
2015-08-06,79.46,79.59,76.9,76.93,1588857
2015-08-07,76.85,77.94,76.5,77.41,1080075
2015-08-10,78.16,79.55,78.06,79.51,1120795
2015-08-11,78.71,79.28,78.43,79.13,1142440
2015-08-12,78.74,79.58,78.23,79.49,1127697
2015-08-13,79.65,80.88,79.43,80.55,766000
2015-08-14,80.82,81.0,80.14,80.71,519813
2015-08-17,80.2,80.9,79.74,80.62,569603
2015-08-18,80.42,80.658,79.84,80.38,654108
2015-08-19,79.89,80.01,79.01,79.58,739011
2015-08-20,78.67,79.93,77.84,77.86,806646
2015-08-21,77.45,77.49,75.18,75.18,1477575
2015-08-24,69.81,73.53,60.38,71.18,2396144
2015-08-25,72.67,73.4,71.485,71.53,2737188
2015-08-26,73.28,73.28,71.1,72.79,1860848
2015-08-27,73.49,75.4,72.68,75.14,1181301
2015-08-28,74.89,76.16,74.65,75.51,1088837
2015-08-31,75.08,75.77,74.51,74.59,1242901
2015-09-01,73.96,73.96,72.07,72.52,1127640
2015-09-02,74.5,75.14,73.88,74.51,2911414
2015-09-03,76.0,77.45,75.55,76.86,1811854
2015-09-04,75.92,76.43,75.2,75.37,1576845
2015-09-08,76.64,76.67,75.42,76.29,1314434
2015-09-09,76.91,77.13,75.13,75.28,991342
2015-09-10,75.2,76.67,75.01,76.03,742388
2015-09-11,75.66,76.81,75.24,76.75,759496
2015-09-14,76.75,78.26,76.4901,77.58,966197
2015-09-15,77.47,79.41,77.47,79.08,1181163
2015-09-16,79.01,80.38,78.41,80.25,1133957
2015-09-17,79.09,79.86,77.3,77.51,1631169
2015-09-18,76.74,77.675,76.66,77.06,1390774
2015-09-21,77.49,78.28,76.7,77.19,769946
2015-09-22,75.96,76.56,75.04,75.55,1028626
2015-09-23,75.84,75.98,75.03,75.38,880341
2015-09-24,75.03,75.52,73.29,74.65,934713
2015-09-25,75.07,75.46,74.37,74.95,594084
2015-09-28,74.7,74.95,72.1,72.13,844970
2015-09-29,72.31,72.97,71.6,72.69,972402
2015-09-30,72.24,72.59,70.5,72.14,2280380
2015-10-01,72.49,72.8,70.74,71.68,1632295
2015-10-02,70.48,71.53,70.11,71.36,1202231
2015-10-05,71.94,73.87,71.91,73.64,1200645
2015-10-06,73.53,73.91,72.22,72.86,764384
2015-10-07,72.17,74.11,72.05,73.42,974474
2015-10-08,72.93,74.77,72.8146,73.8,1317012
2015-10-09,73.99,74.67,73.55,74.35,933596
2015-10-12,74.15,74.66,73.78,74.44,972891
2015-10-13,74.27,75.494,74.1101,74.13,1144707
2015-10-14,74.11,74.75,73.477,73.67,998395
2015-10-15,74.0,75.36,73.83,75.33,1181167
2015-10-16,75.58,77.91,74.63,77.78,2668609
2015-10-19,76.77,77.5,70.82,72.18,5353135
2015-10-20,71.93,74.21,71.35,72.94,2228414
2015-10-21,73.45,74.48,73.32,73.99,1538270
2015-10-22,74.36,76.78,74.29,76.76,2125810
2015-10-23,77.25,79.24,77.02,78.87,2546159
2015-10-26,78.25,79.4325,78.14,78.31,1901969
2015-10-27,77.76,78.49,77.46,78.22,1212316
2015-10-28,78.24,78.5,77.49,78.18,825809
2015-10-29,77.44,77.83,76.925,77.75,690638
2015-10-30,77.52,77.7199,76.82,76.83,1066103
2015-11-02,77.28,77.325,76.65,77.24,1151593
2015-11-03,77.09,77.51,76.97,77.23,1185395
2015-11-04,77.46,77.75,76.78,77.01,743412
2015-11-05,77.39,77.87,76.42,77.06,585957
2015-11-06,76.81,78.68,76.71,78.24,704445
2015-11-09,78.0,78.74,77.31,78.39,1173537
2015-11-10,78.66,79.8919,78.3701,79.81,913383
2015-11-11,79.87,79.93,78.21,78.57,1075610
2015-11-12,78.79,79.635,77.56,77.85,1210126
2015-11-13,77.52,77.69,75.72,76.01,1032860
2015-11-16,75.9,76.58,74.23,75.77,1386878
2015-11-17,75.32,75.82,74.12,74.76,1836646
2015-11-18,75.11,75.68,74.32,75.57,1288061
2015-11-19,75.68,77.0,75.22,75.6,1361717
2015-11-20,75.98,76.34,75.44,75.49,1334827
2015-11-23,75.6,76.84,74.06,75.19,1423278
2015-11-24,74.64,75.7,74.15,75.68,870049
2015-11-25,76.0,76.69,74.8,76.46,575899
2015-11-27,76.32,76.7799,75.21,75.37,453858
2015-11-30,75.56,75.56,72.87,73.09,1858584
2015-12-01,73.74,73.93,72.07,73.13,1793482
2015-12-02,73.15,73.36,72.235,72.51,1142241
2015-12-03,72.99,73.15,69.69,70.41,3110146
2015-12-04,70.2,70.5,67.72,68.71,3050123
2015-12-07,68.85,69.44,68.58,68.85,1220807
2015-12-08,69.44,71.35,69.0,69.82,1627222
2015-12-09,69.25,70.35,67.88,68.41,1619451
2015-12-10,68.7,68.84,68.09,68.22,1626061
2015-12-11,67.66,69.176,67.5,68.37,2135779
2015-12-14,68.93,69.58,68.57,69.19,1594582
2015-12-15,69.83,70.77,68.92,69.19,1414302
2015-12-16,69.59,71.04,68.05,69.21,1526325
2015-12-17,69.15,69.21,66.33,66.39,1962796
2015-12-18,66.3,66.88,65.31,65.83,2456866
2015-12-21,66.46,66.82,64.91,65.31,1617972
2015-12-22,65.64,66.81,65.41,66.77,926276
2015-12-23,67.39,67.74,65.86,67.26,1801330
2015-12-24,67.11,68.09,67.0,67.62,417222
2015-12-28,67.4,67.88,66.8001,67.65,641618
2015-12-29,68.02,68.77,67.48,68.43,921834
2015-12-30,68.3,68.615,67.47,67.5,572130
2015-12-31,67.37,67.865,67.22,67.36,892746
2016-01-04,66.34,66.98,65.52,66.96,1214899
2016-01-05,67.3,68.4999,67.01,68.18,1661003
2016-01-06,66.77,71.1,66.61,69.89,3294965
2016-01-07,68.5,70.3,68.03,69.12,1808056
2016-01-08,69.25,69.57,67.91,68.04,1231000
2016-01-11,68.68,70.13,68.28,70.01,1275425
2016-01-12,70.29,70.98,69.82,70.83,1054513
2016-01-13,70.53,71.0,68.47,68.48,1309425
2016-01-14,68.95,70.72,68.3001,70.2,1346386
2016-01-15,68.71,72.255,68.515,72.07,2433218
2016-01-19,72.64,72.7669,69.25,70.45,1700312
2016-01-20,69.31,70.16,67.2,69.73,1514916
2016-01-21,69.89,72.31,69.165,71.95,1345475
2016-01-22,73.22,73.62,72.0092,72.91,1036664
2016-01-25,72.72,73.23,70.74,70.91,1597862
2016-01-26,71.53,72.38,70.93,72.33,1031002
2016-01-27,72.6,72.94,70.685,71.16,840751
2016-01-28,72.07,72.65,70.63,72.35,954226
2016-01-29,72.34,74.32,71.7,74.28,1324478
2016-02-01,73.98,74.19,72.539,73.77,2351036
2016-02-02,74.09,75.96,73.45,74.34,2857752
2016-02-03,74.75,76.2,74.29,75.0,2384059
2016-02-04,74.58,78.45,73.86,75.9,4598263
2016-02-05,75.9,76.89,73.94,74.1,2478821
2016-02-08,74.36,75.87,72.32,75.11,3899740
2016-02-09,74.02,75.28,70.94,71.94,2495896
2016-02-10,72.26,72.665,71.58,72.17,1829857
2016-02-11,69.81,70.89,68.915,69.56,1678735
2016-02-12,70.0,70.445,68.6,70.08,2573213
2016-02-16,70.8,71.43,70.49,71.04,1410129
2016-02-17,71.97,72.7,71.22,72.05,1527896
2016-02-18,72.17,73.09,71.84,72.27,1513966
2016-02-19,72.19,72.285,71.2,72.08,1130372
2016-02-22,73.31,74.58,72.5,74.54,1007536
2016-02-23,74.1,74.85,73.98,74.51,1034573
2016-02-24,73.78,75.82,73.5,75.75,1019674
2016-02-25,75.68,76.21,74.66,76.13,867873
2016-02-26,76.5,77.05,76.0,76.45,672425
2016-02-29,76.44,76.57,75.14,75.87,798658
2016-03-01,76.07,77.49,75.51,77.44,770133
2016-03-02,77.28,79.01,76.5,78.94,1105183
2016-03-03,79.19,79.4,78.41,78.89,967770
2016-03-04,78.72,79.155,77.52,77.91,918331
2016-03-07,77.55,79.06,77.55,78.6,688884
2016-03-08,77.89,79.31,77.8,78.58,774394
2016-03-09,78.89,79.09,77.92,78.0,772352
2016-03-10,78.48,78.75,77.5,77.94,1045852
2016-03-11,78.42,78.76,77.7,77.98,1184571
2016-03-14,77.77,78.65,77.61,78.4,886204
2016-03-15,77.81,78.5,77.81,78.48,1561595
2016-03-16,78.45,78.87,77.96,78.39,717578
2016-03-17,78.33,79.21,77.83,78.61,1015714
2016-03-18,78.72,78.95,78.31,78.49,2242035
2016-03-21,78.21,78.7705,77.405,77.85,901498
2016-03-22,77.81,78.34,77.51,78.08,733174
2016-03-23,77.98,78.3277,77.42,78.07,720054
2016-03-24,77.63,77.98,77.11,77.3,1002440
2016-03-28,77.57,78.58,77.42,78.12,1241301
2016-03-29,77.83,78.31,77.64,78.23,888509
2016-03-30,78.69,78.98,78.3102,78.55,751064
2016-03-31,78.55,80.33,78.55,80.1,1970719
2016-04-01,79.57,79.9578,78.7,79.19,1110536
2016-04-04,79.37,80.44,79.29,79.7,988155
2016-04-05,79.74,79.99,77.78,77.8,1352098
2016-04-06,77.76,79.79,77.72,79.74,1041230
2016-04-07,78.99,79.52,77.63,78.46,1166766
2016-04-08,78.84,79.2,77.5,78.76,982367
2016-04-11,79.31,80.3,79.02,79.45,1050055
2016-04-12,79.81,80.975,79.355,80.94,1122373
2016-04-13,81.05,81.85,80.98,81.5,755117
2016-04-14,81.85,81.96,81.17,81.33,651249
2016-04-15,81.32,82.61,80.95,82.41,1513147
2016-04-18,87.34,88.0,84.57,87.18,3719309
2016-04-19,87.71,88.53,86.66,87.02,1772429
2016-04-20,85.22,86.78,85.18,86.5,1810854
2016-04-21,86.0,87.15,85.67,86.8,1196737
2016-04-22,86.91,87.67,86.75,87.43,1608011
2016-04-25,87.0,87.6,86.64,87.24,1123399
2016-04-26,87.28,87.73,86.69,87.63,954011
2016-04-27,87.19,87.98,87.12,87.16,729498
2016-04-28,86.23,86.96,85.07,85.32,860557
2016-04-29,85.26,85.3,84.22,84.64,709550
2016-05-02,85.43,86.34,84.72,85.59,736740
2016-05-03,85.09,85.57,84.82,84.89,491699
2016-05-04,84.58,85.24,84.05,84.28,746418
2016-05-05,84.29,84.41,83.36,83.55,1195037
2016-05-06,83.42,85.17,83.3498,85.09,858070
2016-05-09,84.69,86.44,84.69,86.11,924614
2016-05-10,85.3,86.45,84.75,86.33,902209
2016-05-11,85.81,86.26,84.354,84.5,927262
2016-05-12,84.49,85.41,84.35,85.3,694334
2016-05-13,85.24,85.71,84.96,85.11,861786
2016-05-16,84.9,85.96,84.54,85.46,612209
2016-05-17,85.22,85.74,84.215,84.63,748434
2016-05-18,84.58,85.49,83.86,84.9,853179
2016-05-19,84.52,85.13,83.8,84.87,493847
2016-05-20,85.15,85.53,84.14,84.39,872524
2016-05-23,84.65,85.2,84.13,84.97,457684
2016-05-24,85.15,87.17,85.01,86.72,849633
2016-05-25,86.5,87.12,86.23,86.76,753580
2016-05-26,86.96,87.31,86.26,86.75,516883
2016-05-27,86.3,87.56,86.3,87.28,413728
2016-05-31,87.27,87.64,86.43,87.29,643804
2016-06-01,86.58,87.16,86.17,87.12,886201
2016-06-02,86.64,87.12,86.1,86.73,681799
2016-06-03,86.19,86.42,85.33,85.79,720936
2016-06-06,86.36,86.94,85.95,86.24,687739
2016-06-07,86.23,87.235,86.14,86.95,707578
2016-06-08,86.82,87.38,86.64,87.11,366502
2016-06-09,86.73,87.16,85.7,87.07,525288
2016-06-10,86.61,86.835,85.49,85.92,446746
2016-06-13,85.77,86.0,85.04,85.06,457674
2016-06-14,84.9,85.49,84.4801,85.44,1208947
2016-06-15,85.59,86.765,85.46,86.02,741949
2016-06-16,85.49,86.25,84.59,85.89,710567
2016-06-17,85.82,85.92,84.86,85.42,787176
2016-06-20,86.75,87.1,86.05,86.15,601911
2016-06-21,86.28,86.82,85.69,85.82,972315
2016-06-22,85.94,86.83,85.65,85.87,514635
2016-06-23,86.64,86.66,85.53,86.2,1234443
2016-06-24,83.45,84.195,82.33,82.37,2621137
2016-06-27,81.88,82.02,80.34,80.61,983955
2016-06-28,80.9,83.0199,80.68,82.76,1286230
2016-06-29,83.18,83.58,82.76,83.07,1825335
2016-06-30,82.74,84.13,82.58,83.99,2309475
2016-07-01,84.05,84.25,83.53,83.9,1046823
2016-07-05,83.33,83.5748,81.74,82.33,1482735
2016-07-06,82.26,83.2,82.14,83.01,3448630
2016-07-07,83.24,83.81,82.43,83.11,1300977
2016-07-08,83.6,84.94,83.175,84.71,3082827
2016-07-11,84.95,85.9,84.95,85.5,727272
2016-07-12,85.74,87.0,85.74,86.25,1083432
2016-07-13,86.42,86.95,84.98,85.54,831095
2016-07-14,86.06,86.15,85.19,85.26,664880
2016-07-15,85.4,85.74,84.92,85.5,1418569
2016-07-18,83.5035,84.25,78.53,79.82,7940295
2016-07-19,80.81,81.9,80.201,81.08,3289142
2016-07-20,81.5,81.67,80.7314,81.33,2197395
2016-07-21,81.59,81.78,80.46,80.94,1288943
2016-07-22,80.84,81.04,80.28,80.4,1078467
2016-07-25,80.25,81.25,79.96,81.15,1734074
2016-07-26,81.19,81.6,80.41,80.88,1009632
2016-07-27,80.82,81.46,80.51,80.96,1203788
2016-07-28,80.43,81.09,80.2,80.99,991869
2016-07-29,80.73,81.55,80.56,81.23,953920
2016-08-01,81.03,81.67,81.0,81.02,882618
2016-08-02,81.11,81.435,80.25,80.4,1004684
2016-08-03,80.21,80.97,80.14,80.81,910281
2016-08-04,80.57,81.331,80.46,80.57,695108
2016-08-05,80.99,82.06,80.76,81.89,1098565
2016-08-08,81.66,82.22,81.38,81.74,628330
2016-08-09,81.8,82.441,81.33,81.51,745641
2016-08-10,81.64,82.13,80.98,82.12,655968
2016-08-11,82.21,82.92,81.94,82.85,675219
2016-08-12,82.79,82.82,82.12,82.42,620428
2016-08-15,82.41,82.75,81.66,81.79,734001
2016-08-16,81.72,81.85,80.46,80.85,962700
2016-08-17,80.9,81.19,80.4001,81.06,660607
2016-08-18,80.97,81.19,80.5,80.67,662907
2016-08-19,80.32,80.82,80.21,80.69,616549
2016-08-22,80.37,80.96,80.37,80.72,726506
2016-08-23,81.17,82.48,80.681,82.14,708996
2016-08-24,82.26,82.26,81.11,81.21,414319
2016-08-25,80.92,81.16,80.58,80.82,435082
2016-08-26,80.94,82.14,80.84,81.36,638769
2016-08-29,81.3,81.76,80.95,81.59,374808
2016-08-30,81.63,82.25,81.41,82.22,690416
2016-08-31,81.96,82.218,81.4,81.74,712344
2016-09-01,81.43,81.92,80.78,81.62,553805
2016-09-02,81.92,82.95,81.83,82.91,570683
2016-09-06,82.92,83.249,81.9801,82.71,805580
2016-09-07,82.69,82.93,81.9,82.64,555418
2016-09-08,82.58,82.68,81.27,81.3,781610
2016-09-09,80.84,81.04,79.82,79.93,900561
2016-09-12,79.3,80.22,79.08,79.96,999353
2016-09-13,79.55,79.78,77.51,77.9,1312713
2016-09-14,78.06,78.34,77.32,77.72,775723
2016-09-15,77.7,78.17,77.2,77.75,990278
2016-09-16,77.25,77.77,76.8,77.27,1535765
2016-09-19,77.4,78.25,77.02,77.33,736125
2016-09-20,77.81,78.0442,77.27,77.37,576047
2016-09-21,77.71,79.06,77.635,78.97,616882
2016-09-22,79.65,79.86,78.75,79.4,724850
2016-09-23,79.38,81.095,79.38,80.16,790365
2016-09-26,79.98,80.05,78.99,79.37,1033731
2016-09-27,79.25,80.37,78.6,79.87,1030723
2016-09-28,80.15,80.3,79.355,79.61,861169
2016-09-29,79.59,80.33,79.03,79.39,917170
2016-09-30,79.34,79.76,78.8601,79.33,1297069
2016-10-03,78.99,80.79,78.99,80.54,1125946
2016-10-04,79.17,80.92,79.17,80.42,1015532
2016-10-05,80.79,80.8,80.03,80.44,887337
2016-10-06,80.58,80.8,80.15,80.48,951289
2016-10-07,80.78,80.78,78.45,79.3,1587158
2016-10-10,79.88,79.99,79.26,79.78,1055534
2016-10-11,79.82,79.82,78.404,78.69,1114158
2016-10-12,78.55,78.68,77.4,77.64,1897772
2016-10-13,77.25,77.25,76.4,76.62,1568500
2016-10-14,77.1,77.9,76.14,76.16,2977594
2016-10-17,79.94,82.82,79.11,81.82,9315518
2016-10-18,82.08,82.69,80.34,81.45,2830492
2016-10-19,81.71,81.855,80.84,80.9,1618508
2016-10-20,80.94,82.69,80.6,82.47,1709160
2016-10-21,81.71,82.87,81.71,82.81,1619209
2016-10-24,83.39,84.25,83.2366,83.88,1581702
2016-10-25,83.48,83.935,81.92,83.3,1224788
2016-10-26,83.28,83.3,82.16,82.54,636111
2016-10-27,82.64,82.89,82.05,82.81,1178078
2016-10-28,82.51,83.72,82.21,83.27,1115223
2016-10-31,83.45,84.4,83.26,83.41,1025291
2016-11-01,83.89,83.93,81.65,82.21,1261657
2016-11-02,82.13,82.6,80.91,81.06,976519
2016-11-03,81.44,81.82,80.36,81.28,1202307
2016-11-04,81.92,82.76,81.07,81.12,960216
2016-11-07,82.26,82.76,81.99,82.63,922060
2016-11-08,82.49,83.54,82.36,83.3,703344
2016-11-09,81.73,83.89,80.55,83.43,1153351
2016-11-10,83.76,84.64,83.25,83.9,1107284
2016-11-11,83.85,84.91,83.55,84.59,997820
2016-11-14,85.0,87.72,84.95,87.2,2078772
2016-11-15,87.1,87.315,85.06,85.43,1124396
2016-11-16,85.38,86.03,84.79,85.32,704208
2016-11-17,85.72,86.195,85.125,85.95,736910
2016-11-18,86.13,86.1801,84.25,84.28,732450
2016-11-21,84.7,85.89,84.4937,85.63,847322
2016-11-22,85.79,86.65,85.28,86.26,1073054
2016-11-23,85.96,87.105,85.96,86.89,744597
2016-11-25,86.96,87.96,86.64,87.94,418645
2016-11-28,86.54,86.75,85.12,85.45,1923481
2016-11-29,85.13,87.14,85.13,86.62,1256212
2016-11-30,86.68,87.12,85.34,85.39,1104673
2016-12-01,85.25,85.25,83.555,84.13,1188169
2016-12-02,84.03,84.74,83.57,83.98,881684
2016-12-05,84.64,85.42,84.235,84.38,956255
2016-12-06,84.6,84.98,83.96,84.44,963421
2016-12-07,84.45,86.69,84.08,86.52,1189572
2016-12-08,86.3,87.3699,86.02,86.73,920265
2016-12-09,86.6,86.6,85.266,86.01,817843
2016-12-12,86.51,87.57,85.3,85.9,1216462
2016-12-13,85.55,86.71,84.68,85.5,1232235
2016-12-14,85.63,86.32,84.69,85.08,1449628
2016-12-15,85.31,85.31,82.37,82.88,1730257
2016-12-16,82.86,84.52,80.78,80.87,6199453
2016-12-19,80.1,81.26,78.75,79.82,2457080
2016-12-20,80.24,81.07,80.04,80.97,1111132
2016-12-21,80.88,81.33,79.86,80.01,873473
2016-12-22,79.68,79.68,77.34,78.72,1935067
2016-12-23,78.78,79.4,78.15,78.36,927928
2016-12-27,78.7,79.43,77.93,78.2,1170085
2016-12-28,77.9,78.0,77.38,77.62,927811
2016-12-29,77.77,78.53,77.2,77.93,1212340
2016-12-30,78.2,78.64,77.43,77.79,1049621
2017-01-03,78.11,79.85,78.11,79.8,1750046
2017-01-04,79.65,81.55,79.65,80.94,1881571
2017-01-05,80.65,84.19,79.31,83.71,3326729
2017-01-06,83.55,83.89,81.83,82.87,2195587
2017-01-09,82.99,83.4,82.17,82.6,1331273
2017-01-10,82.82,83.1999,82.5,82.86,982708
2017-01-11,82.55,82.9777,81.75,82.48,1339334
2017-01-12,82.26,83.92,81.31,83.45,1320811
2017-01-13,83.65,83.94,83.27,83.86,1155075
2017-01-17,83.7,85.22,83.561,85.17,1653940
2017-01-18,85.32,85.35,84.12,84.55,1828063
2017-01-19,84.91,85.27,83.59,83.77,918996
2017-01-20,84.05,84.71,83.63,83.99,950530
2017-01-23,84.13,84.6,83.62,83.92,969619
2017-01-24,84.05,85.65,84.05,85.45,1131670
2017-01-25,86.11,87.11,86.0,86.76,1473757
2017-01-26,81.12,82.1,80.22,81.51,4222847
2017-01-27,81.42,82.629,81.39,82.59,1649486
