2013-02-08,12.51,12.58,12.51,12.55,1623927
2013-02-11,12.54,12.63,12.535,12.59,2543178
2013-02-12,12.62,12.82,12.57,12.78,2615450
2013-02-13,12.83,12.9,12.82,12.86,2166220
2013-02-14,12.84,12.91,12.79,12.91,2742914
2013-02-15,12.96,12.99,12.87,12.95,4768241
2013-02-19,13.0,13.12,12.95,13.07,2512963
2013-02-20,13.08,13.1,12.99,12.99,2265891
2013-02-21,12.96,13.01,12.87,12.9,2484054
2013-02-22,12.93,12.979,12.9,12.94,1967644
2013-02-25,13.0,13.03,12.85,12.85,3988159
2013-02-26,12.85,12.92,12.8,12.87,2215549
2013-02-27,12.88,13.03,12.8145,13.01,1854149
2013-02-28,12.98,13.15,12.94,13.1,3967541
2013-03-01,13.07,13.24,12.99,13.24,4112976
2013-03-04,13.26,13.26,13.16,13.21,3741685
2013-03-05,13.24,13.3,13.18,13.21,3110249
2013-03-06,13.22,13.28,13.17,13.23,2566858
2013-03-07,13.22,13.28,13.2,13.24,2032434
2013-03-08,13.27,13.295,13.2,13.29,1977971
2013-03-11,13.29,13.32,13.24,13.31,2417976
2013-03-12,13.3,13.34,13.25,13.27,2702026
2013-03-13,13.31,13.35,13.23,13.3,3236640
2013-03-14,13.3,13.455,13.3,13.43,2624975
2013-03-15,13.43,13.56,13.43,13.55,4445451
2013-03-18,13.45,13.58,13.41,13.52,2754372
2013-03-19,13.57,13.61,13.44,13.47,5210947
2013-03-20,13.5,13.54,13.46,13.49,1962407
2013-03-21,13.42,13.53,13.41,13.5,2439550
2013-03-22,13.38,13.42,13.19,13.39,3307359
2013-03-25,13.44,13.45,13.3,13.33,3337985
2013-03-26,13.36,13.43,13.3,13.43,1327101
2013-03-27,13.35,13.42,13.28,13.41,1719822
2013-03-28,13.44,13.48,13.29,13.42,3939046
2013-04-01,13.39,13.47,13.28,13.31,2767572
2013-04-02,13.32,13.35,13.07,13.11,3924421
2013-04-03,13.09,13.15,12.945,13.02,5103825
2013-04-04,13.09,13.15,13.0,13.1,2695186
2013-04-05,12.96,13.07,12.9201,13.04,3191664
2013-04-08,13.02,13.18,12.9801,13.17,2344782
2013-04-09,13.23,13.26,13.08,13.19,2110161
2013-04-10,13.24,13.41,13.18,13.4,2264711
2013-04-11,13.44,13.46,13.295,13.39,2083618
2013-04-12,13.3,13.39,13.24,13.3,2604599
2013-04-15,13.2,13.3,12.97,12.97,3319024
2013-04-16,13.02,13.11,12.965,13.07,3122836
2013-04-17,12.98,13.03,12.78,12.8,5099739
2013-04-18,12.71,12.9,12.62,12.76,6340385
2013-04-19,12.82,12.95,12.71,12.88,2393937
2013-04-22,12.93,13.055,12.875,12.98,2411738
2013-04-23,13.08,13.13,12.985,13.08,2272447
2013-04-24,13.08,13.14,13.05,13.11,1487910
2013-04-25,13.16,13.2,13.11,13.15,9530841
2013-04-26,13.2,13.2,13.11,13.13,9600053
2013-04-29,13.04,13.18,13.03,13.1,2910262
2013-04-30,13.11,13.16,13.05,13.16,2863638
2013-05-01,13.15,13.39,13.055,13.08,2812591
2013-05-02,13.09,13.27,13.09,13.23,3070929
2013-05-03,13.28,13.4,13.28,13.35,2622008
2013-05-06,13.3,13.59,13.3,13.57,3151338
2013-05-07,13.57,13.73,13.57,13.675,2584720
2013-05-08,13.62,13.64,13.43,13.52,5059047
2013-05-09,13.53,13.54,13.4,13.43,4312294
2013-05-10,13.41,13.53,13.4,13.51,2848574
2013-05-13,13.51,13.66,13.47,13.54,3202054
2013-05-14,13.57,13.66,13.56,13.6,4505926
2013-05-15,13.63,13.85,13.595,13.84,2752115
2013-05-16,13.76,13.8584,13.71,13.8,2091079
2013-05-17,13.84,14.08,13.84,13.91,8140843
2013-05-20,13.86,14.165,13.86,14.14,3139624
2013-05-21,14.13,14.295,14.07,14.24,6006255
2013-05-22,14.25,14.31,13.95,14.02,5285899
2013-05-23,13.87,13.905,13.69,13.8,6285832
2013-05-24,13.72,13.81,13.69,13.81,2677274
2013-05-28,13.98,14.0,13.84,13.87,3071005
2013-05-29,13.8,13.89,13.75,13.87,3791240
2013-05-30,13.86,13.97,13.83,13.89,3333725
2013-05-31,13.86,13.95,13.76,13.775,3377290
2013-06-03,13.81,13.88,13.65,13.87,3436390
2013-06-04,13.86,13.93,13.7,13.77,2683365
2013-06-05,13.78,13.79,13.65,13.65,2442135
2013-06-06,13.68,13.9,13.52,13.79,2151045
2013-06-07,13.84,13.94,13.78,13.92,1507653
2013-06-10,13.96,14.04,13.91,13.98,2431338
2013-06-11,13.9,13.93,13.81,13.86,2230991
2013-06-12,13.99,13.99,13.53,13.64,4914674
2013-06-13,13.63,13.87,13.575,13.855,1889980
2013-06-14,13.89,13.89,13.68,13.76,1959857
2013-06-17,13.89,13.95,13.81,13.91,2513360
2013-06-18,14.14,14.33,13.95,14.29,6976779
2013-06-19,14.32,14.35,14.11,14.14,4150309
2013-06-20,14.06,14.38,14.0,14.25,6663504
2013-06-21,14.38,14.55,14.16,14.44,12114005
2013-06-24,14.32,14.61,14.3,14.55,5971666
2013-06-25,14.62,14.75,14.53,14.71,4926070
2013-06-26,14.86,14.8767,14.67,14.815,3395790
2013-06-27,14.9,14.95,14.78,14.95,2230440
2013-06-28,14.96,15.0,14.85,14.9,6486511
2013-07-01,14.96,15.11,14.89,14.96,3370755
2013-07-02,14.89,15.1,14.89,14.99,4120901
2013-07-03,14.95,15.01,14.87,14.99,1235224
2013-07-05,15.05,15.2,14.93,15.2,5218265
2013-07-08,15.28,15.315,15.19,15.3,2728569
2013-07-09,15.43,15.5,15.24,15.3,4437342
2013-07-10,15.3,15.37,14.99,15.15,5742651
2013-07-11,15.3,15.38,14.98,15.0,4757821
2013-07-12,15.06,15.255,14.96,15.2,5836582
2013-07-15,15.18,15.32,15.17,15.3,2782490
2013-07-16,15.3,15.3,15.02,15.18,3490641
2013-07-17,15.22,15.315,15.15,15.3,3233877
2013-07-18,15.25,15.58,15.18,15.57,7197722
2013-07-19,15.53,15.564,15.21,15.48,4793087
2013-07-22,15.46,15.67,15.401,15.61,3311433
2013-07-23,15.65,15.65,15.46,15.55,4013176
2013-07-24,15.61,15.619,15.39,15.4,3229619
2013-07-25,15.4,15.46,15.29,15.38,3039556
2013-07-26,15.34,15.38,15.185,15.23,3560257
2013-07-29,15.27,15.3,15.065,15.17,2965851
2013-07-30,15.06,15.14,14.93,14.94,4240813
2013-07-31,15.04,15.145,14.94,15.0,4944746
2013-08-01,15.12,15.35,15.02,15.35,3587320
2013-08-02,15.3661,15.41,15.25,15.38,3211812
2013-08-05,15.33,15.37,15.16,15.18,2889974
2013-08-06,15.16,15.21,14.95,15.02,3686160
2013-08-07,15.02,15.02,14.79,14.92,3135932
2013-08-08,14.98,15.05,14.87,14.9,1628931
2013-08-09,14.84,14.95,14.8,14.89,6513965
2013-08-12,14.83,15.03,14.82,14.92,2883740
2013-08-13,15.02,15.02,14.79,14.94,2052938
2013-08-14,14.93,15.01,14.82,14.92,1834163
2013-08-15,14.87,14.9,14.73,14.78,2667738
2013-08-16,14.76,15.0,14.76,14.93,2794906
2013-08-19,14.85,14.8699,14.64,14.65,2203820
2013-08-20,14.68,14.87,14.64,14.82,2020783
2013-08-21,14.77,14.83,14.62,14.65,2296331
2013-08-22,14.61,14.97,14.61,14.91,1734527
2013-08-23,14.94,14.94,14.75,14.87,2595920
2013-08-26,14.84,14.89,14.72,14.73,2045201
2013-08-27,14.66,14.68,14.26,14.265,3442853
2013-08-28,14.29,14.5,14.21,14.28,2882113
2013-08-29,14.26,14.44,14.24,14.29,2266100
2013-08-30,14.4,14.4,14.18,14.22,2483818
2013-09-03,14.42,14.52,14.195,14.27,2718196
2013-09-04,14.25,14.45,14.24,14.4,2233305
2013-09-05,14.34,14.5,14.3,14.48,2044937
2013-09-06,14.55,14.56,14.25,14.27,3053096
2013-09-09,14.31,14.41,14.24,14.375,2084165
2013-09-10,14.42,14.44,14.3,14.37,3812375
2013-09-11,14.37,14.51,14.29,14.48,2448363
2013-09-12,14.5,14.53,14.41,14.48,2230381
2013-09-13,14.46,14.53,14.41,14.48,1691307
2013-09-16,14.57,14.63,14.51,14.57,2078919
2013-09-17,14.53,14.66,14.53,14.66,1422732
2013-09-18,14.64,14.8,14.54,14.57,4369546
2013-09-19,14.57,14.64,14.285,14.305,4183899
2013-09-20,14.3,14.45,14.29,14.31,4291427
2013-09-23,14.28,14.32,14.18,14.24,2231591
2013-09-24,14.24,14.46,14.2,14.325,2513076
2013-09-25,14.37,14.48,14.28,14.39,2669267
2013-09-26,14.38,14.46,14.27,14.39,1709061
2013-09-27,14.29,14.4,14.25,14.28,1584654
2013-09-30,14.14,14.41,14.07,14.38,2862325
2013-10-01,14.32,14.56,14.32,14.54,3717064
2013-10-02,14.43,14.57,14.4,14.57,2823831
2013-10-03,14.52,14.575,14.46,14.53,2905750
2013-10-04,14.54,14.72,14.5101,14.67,1620615
2013-10-07,14.57,14.57,14.37,14.37,1436750
2013-10-08,14.36,14.4,14.2,14.27,2426003
2013-10-09,14.29,14.375,14.194,14.33,2454218
2013-10-10,14.45,14.7,14.45,14.699,2149822
2013-10-11,14.5,14.8,14.5,14.78,1892157
2013-10-14,14.74,14.89,14.66,14.85,3664483
2013-10-15,14.68,14.77,14.62,14.695,3714610
2013-10-16,14.73,14.97,14.7,14.91,2537062
2013-10-17,14.83,15.11,14.73,15.07,3030361
2013-10-18,15.0,15.07,14.09,14.37,9811376
2013-10-21,14.17,14.41,14.13,14.4,3955031
2013-10-22,14.42,14.51,14.35,14.44,4115225
2013-10-23,14.43,14.55,14.35,14.55,3722763
2013-10-24,14.6,14.65,14.51,14.56,3143792
2013-10-25,14.57,14.72,14.5,14.71,2809747
2013-10-28,14.71,14.8,14.62,14.7,2844140
2013-10-29,14.77,14.8093,14.61,14.67,3355979
2013-10-30,14.56,14.59,14.41,14.53,2801568
2013-10-31,14.54,14.56,14.42,14.435,2708065
2013-11-01,14.42,14.485,14.28,14.35,2320559
2013-11-04,14.39,14.4,14.29,14.32,2137206
2013-11-05,14.28,14.34,14.23,14.23,2984455
2013-11-06,14.26,14.35,14.23,14.345,2638739
2013-11-07,14.39,14.4702,14.32,14.34,3598824
2013-11-08,14.37,14.71,14.33,14.61,3941477
2013-11-11,14.63,14.7,14.54,14.62,2398531
2013-11-12,14.58,14.61,14.46,14.51,2018810
2013-11-13,14.48,14.66,14.4399,14.65,1622862
2013-11-14,14.63,14.8,14.62,14.74,1905593
2013-11-15,14.73,14.8,14.69,14.75,2563271
2013-11-18,14.82,14.86,14.72,14.75,2461725
2013-11-19,14.71,14.86,14.7,14.76,2201473
2013-11-20,14.77,14.8,14.69,14.75,2145832
2013-11-21,14.8,14.9,14.75,14.82,3316834
2013-11-22,14.85,14.945,14.75,14.93,1511608
2013-11-25,14.94,15.09,14.92,15.03,2098840
2013-11-26,15.01,15.09,14.99,15.07,2329783
2013-11-27,15.07,15.24,15.07,15.2,2131078
2013-11-29,15.17,15.23,15.14,15.14,997376
2013-12-02,15.17,15.25,15.15,15.17,3105300
2013-12-03,15.05,15.16,14.87,14.93,3224165
2013-12-04,14.92,14.98,14.83,14.91,2392012
2013-12-05,14.91,14.91,14.69,14.69,3424049
2013-12-06,14.85,14.91,14.79,14.84,3502136
2013-12-09,14.85,14.9,14.7401,14.83,3221798
2013-12-10,14.83,14.88,14.74,14.75,2441141
2013-12-11,14.81,14.85,14.69,14.7,3056680
2013-12-12,14.68,14.78,14.5986,14.6,3497051
2013-12-13,14.6,14.68,14.54,14.55,2048623
2013-12-16,14.63,14.71,14.57,14.67,2331977
2013-12-17,14.67,14.71,14.58,14.63,2751417
2013-12-18,14.64,14.72,14.52,14.71,2983731
2013-12-19,14.64,14.69,14.51,14.55,2631733
2013-12-20,14.65,14.655,14.54,14.64,5601289
2013-12-23,14.75,14.92,14.7,14.88,2208138
2013-12-24,14.91,15.0,14.895,14.98,1092419
2013-12-26,14.96,15.045,14.92,14.95,1878368
2013-12-27,14.95,15.0,14.9,14.99,1391791
2013-12-30,14.97,15.03,14.95,15.0,2355356
2013-12-31,14.98,15.14,14.974,15.12,2624928
2014-01-02,15.08,15.17,14.96,15.01,2828870
2014-01-03,15.04,15.08,14.98,15.06,2271393
2014-01-06,15.06,15.15,15.02,15.1,3755171
2014-01-07,15.15,15.19,15.05,15.15,2780429
2014-01-08,15.17,15.45,15.12,15.42,5247852
2014-01-09,15.49,15.7,15.44,15.59,5344053
2014-01-10,15.6,15.68,15.34,15.38,5324425
2014-01-13,15.44,15.59,15.31,15.41,5031254
2014-01-14,15.64,15.675,15.3201,15.55,5736547
2014-01-15,15.58,15.69,15.45,15.47,4833337
2014-01-16,15.37,15.67,15.23,15.37,5799189
2014-01-17,14.96,15.01,14.62,14.85,34202752
2014-01-21,14.88,15.12,14.86,15.01,10169418
2014-01-22,15.03,15.18,15.03,15.11,4054255
2014-01-23,15.1,15.15,14.74,14.75,5412040
2014-01-24,14.64,14.73,14.54,14.58,4824952
2014-01-27,14.6,14.71,14.45,14.47,6587843
2014-01-28,14.43,14.64,14.43,14.6,3802661
2014-01-29,14.38,14.44,14.3,14.35,4180871
2014-01-30,14.4,14.45,14.31,14.42,2606844
2014-01-31,14.29,14.375,14.2,14.21,3995527
2014-02-03,14.21,14.25,13.8,13.84,4822262
2014-02-04,13.85,14.05,13.73,13.88,10527804
2014-02-05,13.88,13.89,13.75,13.86,5043165
2014-02-06,13.93,13.96,13.82,13.9,8165123
2014-02-07,14.35,14.35,13.79,13.96,3999461
2014-02-10,13.96,14.05,13.8999,14.01,4561472
2014-02-11,14.01,14.13,13.98,14.05,3904093
2014-02-12,14.02,14.13,13.92,13.98,3585543
2014-02-13,13.92,14.01,13.84,14.0,3351779
2014-02-14,14.02,14.17,13.94,14.16,3317294
2014-02-18,14.21,14.21,14.07,14.17,2410178
2014-02-19,14.18,14.18,13.875,13.91,2978039
2014-02-20,13.94,14.03,13.775,13.99,2454648
2014-02-21,14.0,14.07,13.94,14.06,2733772
2014-02-24,14.1,14.37,14.08,14.2,3291283
2014-02-25,14.17,14.21,14.055,14.06,2869885
2014-02-26,14.1,14.2,14.06,14.14,2787812
2014-02-27,14.17,14.27,14.13,14.22,2091349
2014-02-28,14.27,14.32,14.08,14.17,3004056
2014-03-03,14.07,14.13,13.98,14.12,2608855
2014-03-04,14.2,14.4,14.08,14.33,2528763
2014-03-05,14.32,14.43,14.03,14.42,3012157
2014-03-06,14.47,14.65,14.46,14.61,2551088
2014-03-07,14.69,14.77,14.51,14.57,3275550
2014-03-10,14.53,14.56,14.37,14.52,2937482
2014-03-11,14.54,14.56,14.32,14.42,2409833
2014-03-12,14.35,14.515,14.32,14.51,2017197
2014-03-13,14.5,14.5999,14.38,14.45,3025099
2014-03-14,14.47,14.5,14.31,14.41,2340390
2014-03-17,14.51,14.57,14.41,14.56,2247077
2014-03-18,14.56,14.68,14.45,14.5,2587377
2014-03-19,14.51,14.74,14.38,14.72,3447221
2014-03-20,14.64,14.96,14.61,14.9,4880977
2014-03-21,15.0,15.01,14.85,14.99,6838408
2014-03-24,14.99,15.07,14.86,14.94,3881111
2014-03-25,15.03,15.05,14.79,14.81,2083765
2014-03-26,14.81,14.93,14.62,14.65,2280413
2014-03-27,14.62,14.77,14.44,14.5,2161694
2014-03-28,14.56,14.71,14.49,14.64,1731999
2014-03-31,14.64,14.88,14.63,14.87,2101623
2014-04-01,14.86,14.955,14.68,14.92,2300489
2014-04-02,14.89,14.99,14.75,14.84,2436027
2014-04-03,14.9,14.98,14.815,14.94,2012973
2014-04-04,15.0,15.0,14.65,14.66,3797778
2014-04-07,14.66,14.71,14.5,14.64,2833281
2014-04-08,14.62,14.88,14.62,14.86,2857365
2014-04-09,14.94,15.0,14.76,14.77,5252652
2014-04-10,14.76,14.865,14.595,14.61,4219645
2014-04-11,14.58,14.69,14.47,14.61,3295809
2014-04-14,14.83,14.84,14.56,14.69,3138235
2014-04-15,14.65,14.84,14.53,14.83,3282254
2014-04-16,14.98,15.0,14.83,14.93,3598620
2014-04-17,14.69,14.82,14.435,14.54,8949841
2014-04-21,14.57,14.72,14.37,14.43,4144756
2014-04-22,14.42,14.61,14.38,14.55,3996747
2014-04-23,14.59,14.73,14.56,14.65,2802758
2014-04-24,14.71,14.78,14.53,14.54,2780822
2014-04-25,14.58,14.58,14.36,14.38,2908885
2014-04-28,14.4,14.5,14.23,14.32,4995640
2014-04-29,14.09,14.305,14.09,14.24,3643390
2014-04-30,14.22,14.33,14.19,14.28,4576143
2014-05-01,14.29,14.38,14.24,14.31,2449502
2014-05-02,14.05,14.45,14.05,14.38,3223275
2014-05-05,14.34,14.37,14.25,14.32,2603989
2014-05-06,14.29,14.335,14.18,14.18,3661576
2014-05-07,14.23,14.44,14.22,14.425,3220330
2014-05-08,14.4,14.49,14.32,14.345,2325591
2014-05-09,14.38,14.39,14.26,14.39,1878692
2014-05-12,14.47,14.59,14.4,14.56,1835407
2014-05-13,14.57,14.62,14.43,14.47,1270412
2014-05-14,14.43,14.64,14.165,14.24,2106570
2014-05-15,14.22,14.24,14.0,14.2,3068782
2014-05-16,14.19,14.19,14.0,14.08,2264955
2014-05-19,14.04,14.28,14.03,14.25,1722994
2014-05-20,14.29,14.29,14.02,14.16,2402251
2014-05-21,14.25,14.34,14.165,14.26,2451706
2014-05-22,14.31,14.53,14.27,14.42,3470609
2014-05-23,14.46,14.51,14.4,14.43,1796556
2014-05-27,14.42,14.57,14.3825,14.49,2087878
2014-05-28,14.3,14.53,14.3,14.44,1487195
2014-05-29,14.48,14.54,14.29,14.38,2139182
2014-05-30,14.38,14.55,14.31,14.37,2789132
2014-06-02,14.46,14.53,14.29,14.53,1979465
2014-06-03,14.47,14.605,14.31,14.55,1366129
2014-06-04,14.52,14.59,14.37,14.47,2117304
2014-06-05,14.53,14.7,14.465,14.7,1972526
2014-06-06,14.7,14.9256,14.67,14.86,4460292
2014-06-09,14.82,15.0,14.82,14.92,1740243
2014-06-10,14.9,14.995,14.85,14.91,2694752
2014-06-11,14.85,14.95,14.81,14.89,4561701
2014-06-12,14.85,14.92,14.74,14.82,7400484
2014-06-13,14.86,14.92,14.76,14.82,2549320
2014-06-16,14.77,14.84,14.75,14.81,3556550
2014-06-17,14.75,14.93,14.72,14.87,3040963
2014-06-18,14.84,14.96,14.79,14.95,4504968
2014-06-19,14.94,15.0,14.81,14.89,4975560
2014-06-20,14.89,14.985,14.851,14.95,4252985
2014-06-23,14.94,15.0,14.88,14.96,2625401
2014-06-24,14.89,15.0,14.865,14.92,4751118
2014-06-25,14.9,15.07,14.87,15.05,3910809
2014-06-26,15.02,15.185,14.99,15.07,3090702
2014-06-27,15.02,15.23,15.02,15.14,2942889
2014-06-30,15.09,15.22,15.005,15.17,3768814
2014-07-01,15.22,15.32,15.15,15.23,2797894
2014-07-02,15.23,15.27,15.07,15.13,2147531
2014-07-03,15.22,15.3,15.17,15.28,1345465
2014-07-07,15.22,15.28,15.13,15.18,2503167
2014-07-08,15.21,15.21,15.05,15.1,3214682
2014-07-09,15.18,15.225,15.063,15.075,2808720
2014-07-10,15.05,15.12,14.99,15.06,4202097
2014-07-11,15.08,15.15,15.015,15.08,2101971
2014-07-14,15.14,15.2,15.09,15.14,1966713
2014-07-15,15.15,15.22,15.05,15.18,2585440
2014-07-16,15.18,15.18,14.88,14.91,4135227
2014-07-17,14.85,14.88,14.74,14.79,4757965
2014-07-18,14.78,14.915,14.61,14.8099,4683889
2014-07-21,14.79,14.95,14.655,14.88,3928291
2014-07-22,14.92,14.96,14.8,14.83,2103453
2014-07-23,14.79,14.98,14.78,14.84,2472719
2014-07-24,14.94,15.0,14.85,14.93,1876610
2014-07-25,14.95,15.01,14.84,14.98,1928274
2014-07-28,14.95,15.01,14.88,14.95,1972729
2014-07-29,14.94,15.05,14.92,14.94,2463956
2014-07-30,14.82,14.93,14.69,14.74,2612273
2014-07-31,14.64,14.7,14.475,14.52,6035478
2014-08-01,14.52,14.61,14.3,14.32,3423268
2014-08-04,14.33,14.445,14.24,14.41,4998123
2014-08-05,14.37,14.485,14.33,14.4,2654166
2014-08-06,14.37,14.54,14.37,14.535,3524506
2014-08-07,14.56,14.61,14.34,14.4,2784902
2014-08-08,14.43,14.53,14.405,14.51,1581040
2014-08-11,14.47,14.58,14.43,14.53,1467781
2014-08-12,14.53,14.63,14.49,14.53,1570599
2014-08-13,14.6,14.69,14.54,14.6,1406010
2014-08-14,14.59,14.76,14.59,14.76,1896301
2014-08-15,14.78,14.85,14.54,14.63,3323805
2014-08-18,14.75,14.75,14.62,14.71,1481958
2014-08-19,14.67,14.76,14.67,14.73,1366894
2014-08-20,14.69,14.78,14.6601,14.755,1120465
2014-08-21,14.76,14.97,14.75,14.94,2099421
2014-08-22,14.91,14.935,14.85,14.88,1308708
2014-08-25,14.97,15.0,14.86,14.92,1166024
2014-08-26,14.93,15.02,14.89,14.99,1261664
2014-08-27,15.02,15.0325,14.92,14.96,1484535
2014-08-28,14.93,14.965,14.85,14.94,1140709
2014-08-29,14.97,15.01,14.9,14.95,1459648
2014-09-02,15.0,15.05,14.925,15.04,1672053
2014-09-03,15.06,15.1,14.93,14.97,2017759
2014-09-04,15.01,15.04,14.89,14.91,1813790
2014-09-05,14.89,15.0,14.83,15.0,2142401
2014-09-08,14.94,15.065,14.9,15.0,1759873
2014-09-09,14.98,15.02,14.84,14.9,1515218
2014-09-10,14.93,15.03,14.86,14.95,1834253
2014-09-11,14.94,15.05,14.91,15.04,1902600
2014-09-12,15.05,15.13,14.95,15.02,2083977
2014-09-15,15.0,15.15,14.94,15.01,1728699
2014-09-16,14.73,14.975,14.71,14.89,3220924
2014-09-17,14.91,15.06,14.865,14.95,2408165
2014-09-18,15.0,15.13,14.935,14.98,3872950
2014-09-19,15.06,15.12,14.89,14.9,3887639
2014-09-22,14.92,14.948,14.71,14.715,2095007
2014-09-23,14.73,14.83,14.62,14.67,2892354
2014-09-24,14.67,14.79,14.6,14.785,2733423
2014-09-25,14.76,14.785,14.56,14.58,2508003
2014-09-26,14.6,14.665,14.51,14.61,2695997
2014-09-29,14.55,14.675,14.47,14.59,3273958
2014-09-30,14.59,14.635,14.47,14.47,3084270
2014-10-01,14.49,14.5,14.29,14.37,3584847
2014-10-02,14.38,14.52,14.29,14.47,3771278
2014-10-03,14.43,14.58,14.43,14.46,3801076
2014-10-06,14.51,14.6,14.31,14.33,3238693
2014-10-07,14.29,14.34,14.1,14.11,3626412
2014-10-08,14.12,14.34,14.07,14.32,4075267
2014-10-09,14.33,14.37,14.03,14.04,4159546
2014-10-10,14.09,14.28,14.07,14.11,5042191
2014-10-13,14.16,14.4225,14.15,14.29,4890983
2014-10-14,14.37,14.66,14.31,14.4,5497730
2014-10-15,14.24,14.61,13.871,14.05,6862724
2014-10-16,13.86,14.17,13.84,14.13,9640961
2014-10-17,14.0,14.08,13.71,13.82,8941191
2014-10-20,13.61,14.0,13.61,13.99,4296878
2014-10-21,14.04,14.23,14.0,14.21,3044344
2014-10-22,14.23,14.41,14.14,14.16,3889824
2014-10-23,14.29,14.34,14.17,14.19,2712756
2014-10-24,14.16,14.35,14.16,14.34,3235347
2014-10-27,14.34,14.42,14.3,14.42,2638524
2014-10-28,14.5,14.5098,14.01,14.46,12048886
2014-10-29,14.29,14.42,14.24,14.41,3558068
2014-10-30,14.42,14.48,14.28,14.42,2689433
2014-10-31,14.53,14.63,14.5,14.62,2377402
2014-11-03,14.66,14.7,14.5,14.53,3163825
2014-11-04,14.57,14.57,14.36,14.49,2192951
2014-11-05,14.57,14.6,14.45,14.59,2103618
2014-11-06,14.58,14.74,14.56,14.71,2972861
2014-11-07,14.65,14.86,14.6001,14.815,3475231
2014-11-10,14.76,14.9,14.76,14.88,2034676
2014-11-11,14.89,14.92,14.78,14.85,1991912
2014-11-12,14.82,14.89,14.75,14.865,1699534
2014-11-13,14.485,14.93,14.47,14.795,2006549
2014-11-14,14.81,14.9,14.745,14.78,1880611
2014-11-17,14.8,14.85,14.72,14.83,2009306
2014-11-18,14.87,14.91,14.78,14.805,1400707
2014-11-19,14.78,14.78,14.65,14.71,1606459
2014-11-20,14.63,14.83,14.6,14.825,1512565
2014-11-21,14.93,14.96,14.71,14.79,3528421
2014-11-24,14.81,14.89,14.73,14.85,1573389
2014-11-25,14.86,14.9,14.75,14.9,1998258
2014-11-26,14.9,14.9,14.78,14.88,1141892
2014-11-28,14.91,14.93,14.75,14.78,874843
2014-12-01,14.71,14.76,14.56,14.68,2494942
2014-12-02,14.86,14.87,14.63,14.68,2109698
2014-12-03,14.65,14.795,14.6,14.77,1414142
2014-12-04,14.74,14.77,14.65,14.715,1915788
2014-12-05,14.77,14.95,14.72,14.915,2167712
2014-12-08,14.91,15.0,14.79,14.89,2069011
2014-12-09,14.8,14.95,14.75,14.89,2457938
2014-12-10,14.87,14.91,14.57,14.58,2685741
2014-12-11,14.63,14.755,14.59,14.7,2470973
2014-12-12,14.66,14.73,14.525,14.57,3055165
2014-12-15,14.6,14.68,14.46,14.49,3750256
2014-12-16,14.48,14.64,14.37,14.51,3129932
2014-12-17,14.58,14.88,14.55,14.83,3668241
2014-12-18,14.94,14.98,14.75,14.92,4364045
2014-12-19,14.92,15.23,14.92,15.155,7617438
2014-12-22,15.14,15.19,14.94,15.16,3311158
2014-12-23,15.19,15.35,15.16,15.295,1717254
2014-12-24,15.32,15.35,15.17,15.23,1116802
2014-12-26,15.27,15.36,15.24,15.25,977480
2014-12-29,15.22,15.5,15.22,15.39,2486569
2014-12-30,15.3,15.5,15.24,15.28,2363007
2014-12-31,15.33,15.41,15.17,15.18,2450318
2015-01-02,15.22,15.3,14.98,15.15,2425181
2015-01-05,15.09,15.09,14.76,14.79,2714331
2015-01-06,14.79,14.82,14.44,14.55,3802013
2015-01-07,14.62,14.7,14.52,14.69,3007342
2015-01-08,14.77,14.92,14.74,14.89,2459433
2015-01-09,14.88,14.92,14.59,14.59,2361504
2015-01-12,14.63,14.65,14.472,14.56,3570627
2015-01-13,14.69,14.78,14.35,14.5,4229986
2015-01-14,14.42,14.47,14.1,14.4,6348720
2015-01-15,14.46,14.485,14.14,14.17,5496074
2015-01-16,14.11,14.3,13.97,14.28,5940639
2015-01-20,14.32,14.35,14.08,14.12,4502810
2015-01-21,14.08,14.24,14.03,14.15,2973039
2015-01-22,14.34,14.74,14.23,14.73,4091973
2015-01-23,14.72,14.747,14.53,14.57,2582749
2015-01-26,14.51,14.67,14.37,14.6,3414707
2015-01-27,14.49,14.53,14.35,14.375,3259772
2015-01-28,14.26,14.32,13.98,13.99,3579178
2015-01-29,14.04,14.22,13.97,14.18,3350393
2015-01-30,14.06,14.215,14.01,14.07,9360671
2015-02-02,14.11,14.38,14.1,14.34,3070743
2015-02-03,14.4,14.6,14.34,14.59,2977151
2015-02-04,14.53,14.63,14.16,14.42,3209648
2015-02-05,14.53,14.62,14.43,14.58,3041898
2015-02-06,14.61,14.9,14.59,14.71,3295723
2015-02-09,14.65,14.77,14.55,14.68,3022114
2015-02-10,14.76,14.79,14.6,14.74,2190452
2015-02-11,14.68,14.78,14.605,14.67,1591758
2015-02-12,14.73,14.99,14.67,14.95,3690047
2015-02-13,14.93,15.05,14.83,14.95,2295760
2015-02-17,14.96,15.07,14.86,15.02,2652566
2015-02-18,15.03,15.07,14.82,14.85,1725348
2015-02-19,14.77,14.98,14.72,14.89,1652854
2015-02-20,14.84,14.98,14.725,14.97,2340410
2015-02-23,14.95,15.02,14.9,15.01,1787464
2015-02-24,15.02,15.17,15.0,15.1,2301778
2015-02-25,15.07,15.14,15.015,15.04,1651884
2015-02-26,15.01,15.155,14.99,15.07,2462637
2015-02-27,15.06,15.25,15.045,15.13,2365513
2015-03-02,15.15,15.22,15.06,15.19,2745456
2015-03-03,15.14,15.25,15.1,15.2,2217378
2015-03-04,15.13,15.18,15.02,15.08,2144121
2015-03-05,15.06,15.14,14.97,15.08,1933087
2015-03-06,15.0,15.27,14.97,15.13,4968748
2015-03-09,15.16,15.22,15.07,15.18,1769972
2015-03-10,15.03,15.09,14.93,14.93,1852157
2015-03-11,14.94,14.99,14.81,14.88,2248401
2015-03-12,14.97,15.22,14.92,15.2,2481507
2015-03-13,15.2,15.2,14.96,15.075,2467237
2015-03-16,15.14,15.23,15.06,15.19,2492355
2015-03-17,15.14,15.31,15.09,15.27,2479144
2015-03-18,15.27,15.45,15.17,15.345,5534053
2015-03-19,15.32,15.33,15.08,15.18,3097764
2015-03-20,15.24,15.36,15.23,15.345,3318504
2015-03-23,15.39,15.3908,15.2,15.225,2695488
2015-03-24,15.21,15.27,15.15,15.2,1939491
2015-03-25,15.25,15.25,15.04,15.06,2506862
2015-03-26,14.98,15.12,14.87,15.06,2983354
2015-03-27,15.05,15.11,14.96,15.09,2294542
2015-03-30,15.12,15.44,15.12,15.27,3535630
2015-03-31,15.19,15.26,15.11,15.2,1810176
2015-04-01,15.12,15.2,14.93,15.09,3538991
2015-04-02,15.05,15.23,15.04,15.18,1814752
2015-04-06,15.11,15.18,14.99,15.14,2237887
2015-04-07,15.1,15.28,15.07,15.13,1805010
2015-04-08,15.15,15.225,15.04,15.12,2481090
2015-04-09,15.12,15.17,14.93,15.03,2546896
2015-04-10,15.06,15.105,15.02,15.07,1392202
2015-04-13,15.05,15.25,15.0,15.15,3719253
2015-04-14,15.14,15.23,14.92,15.09,4672586
2015-04-15,15.13,15.3,15.01,15.19,4286544
2015-04-16,15.31,15.4,15.06,15.23,4255555
2015-04-17,15.23,15.27,15.03,15.04,4194527
2015-04-20,15.09,15.37,15.06,15.305,3860327
2015-04-21,15.36,15.39,15.24,15.31,3075476
2015-04-22,15.31,15.35,15.12,15.33,2978671
2015-04-23,15.33,15.36,15.21,15.22,1715288
2015-04-24,15.21,15.25,15.1,15.15,1886845
2015-04-27,15.2,15.24,15.03,15.08,2412869
2015-04-28,15.09,15.33,15.09,15.33,3228691
2015-04-29,15.13,15.27,15.1,15.18,2938238
2015-04-30,15.12,15.33,15.05,15.11,5721865
2015-05-01,15.22,15.27,14.95,14.99,2829482
2015-05-04,14.98,15.17,14.97,15.16,1816769
2015-05-05,15.12,15.24,15.04,15.07,3130979
2015-05-06,15.13,15.24,14.965,15.24,4935160
2015-05-07,15.2,15.28,15.08,15.17,4472961
2015-05-08,15.24,15.35,15.15,15.33,3601610
2015-05-11,15.28,15.36,15.19,15.33,3382885
2015-05-12,15.32,15.405,15.17,15.31,3463073
2015-05-13,15.33,15.43,15.2301,15.365,3957129
2015-05-14,15.4,15.43,15.31,15.41,2132293
2015-05-15,15.44,15.44,15.23,15.24,2734595
2015-05-18,15.2,15.42,15.17,15.38,3292533
2015-05-19,15.44,15.57,15.38,15.57,3151137
2015-05-20,15.57,15.57,15.4,15.53,2825184
2015-05-21,15.46,15.53,15.385,15.45,2092469
2015-05-22,15.45,15.52,15.41,15.42,1574827
2015-05-26,15.43,15.44,15.26,15.35,2042637
2015-05-27,15.39,15.54,15.32,15.51,1905997
2015-05-28,15.47,15.57,15.42,15.56,2140809
2015-05-29,15.59,15.62,15.42,15.56,3996232
2015-06-01,15.6,15.65,15.415,15.53,3184890
2015-06-02,15.5,15.62,15.45,15.56,2522026
2015-06-03,15.62,15.83,15.61,15.78,2723686
2015-06-04,15.73,15.82,15.63,15.695,2478362
2015-06-05,15.73,15.9,15.64,15.89,3855211
2015-06-08,15.88,15.99,15.84,15.87,2722093
2015-06-09,15.87,16.04,15.82,15.93,2298117
2015-06-10,16.0,16.13,15.94,16.07,2963933
2015-06-11,16.11,16.13,16.01,16.07,2092877
2015-06-12,16.02,16.0799,15.96,16.04,1524736
2015-06-15,16.0,16.11,15.9,16.03,2450175
2015-06-16,16.07,16.15,16.0,16.13,2901243
2015-06-17,16.19,16.2,15.93,15.97,2617756
2015-06-18,16.03,16.16,15.97,16.13,2350172
2015-06-19,16.09,16.17,16.05,16.09,5245463
2015-06-22,16.16,16.32,16.11,16.29,2717082
2015-06-23,16.34,16.45,16.3,16.41,2481884
2015-06-24,16.35,16.43,16.25,16.26,2472129
2015-06-25,16.29,16.41,16.25,16.39,2893773
2015-06-26,16.4,16.64,16.38,16.59,4675466
2015-06-29,16.43,16.61,16.25,16.27,3179767
2015-06-30,16.4,16.465,16.21,16.21,3981660
2015-07-01,16.38,16.525,16.27,16.42,7046267
2015-07-02,16.835,16.95,16.19,16.26,3078916
2015-07-06,16.19,16.24,16.09,16.16,3785355
2015-07-07,16.28,16.28,15.85,16.04,4443325
2015-07-08,15.92,16.0,15.8,15.92,4589624
2015-07-09,16.08,16.145,15.96,16.05,2705059
2015-07-10,16.24,16.29,16.1,16.15,3675871
2015-07-13,16.22,16.32,16.1949,16.24,2877163
2015-07-14,16.2,16.34,16.12,16.21,4128891
2015-07-15,16.2,16.39,16.16,16.36,3783985
2015-07-16,16.41,16.47,16.34,16.39,3763230
2015-07-17,16.19,16.41,15.96,16.18,6733933
2015-07-20,16.17,16.41,16.0101,16.33,3478604
2015-07-21,16.36,16.46,16.17,16.19,3133081
2015-07-22,16.21,16.44,16.17,16.395,2716767
2015-07-23,16.35,16.47,16.2,16.24,2545506
2015-07-24,16.19,16.25,16.09,16.15,5553095
2015-07-27,16.11,16.28,16.03,16.16,6118084
2015-07-28,16.14,16.2,15.86,16.14,5273164
2015-07-29,15.7,16.11,15.64,16.04,6227262
2015-07-30,15.95,16.15,15.95,16.14,3484394
2015-07-31,16.17,16.29,16.03,16.27,8076564
2015-08-03,16.23,16.32,16.05,16.23,3505466
2015-08-04,16.22,16.4,16.09,16.305,3203316
2015-08-05,16.35,16.505,16.27,16.345,2884107
2015-08-06,16.36,16.42,16.25,16.4,2989654
2015-08-07,16.42,16.44,16.26,16.34,3800677
2015-08-10,16.47,16.53,16.41,16.52,3291979
2015-08-11,16.48,16.48,16.25,16.35,2836996
2015-08-12,16.26,16.26,15.91,16.12,3798661
2015-08-13,16.1,16.28,16.09,16.25,2158592
2015-08-14,16.26,16.5,16.24,16.47,2579529
2015-08-17,16.08,16.6,15.64,16.5,3452885
2015-08-18,16.53,16.65,16.42,16.57,4384006
2015-08-19,16.56,16.64,16.37,16.375,3893618
2015-08-20,16.24,16.28,16.0,16.01,3495054
2015-08-21,15.89,16.0,15.77,15.77,4425177
2015-08-24,15.17,15.46,14.84,14.94,10025504
2015-08-25,15.29,15.3,14.69,14.7,7750151
2015-08-26,14.89,15.11,14.77,15.08,5888044
2015-08-27,15.24,15.49,15.16,15.42,4766943
2015-08-28,15.42,15.58,15.35,15.47,3373650
2015-08-31,15.35,15.555,15.325,15.5,2554741
2015-09-01,15.25,15.295,14.83,14.9,3991226
2015-09-02,15.1,15.14,14.87,15.09,4003584
2015-09-03,15.13,15.29,15.08,15.21,2174196
2015-09-04,15.03,15.15,14.96,15.07,2287410
2015-09-08,15.3,15.52,15.205,15.48,2525363
2015-09-09,15.62,15.65,15.39,15.41,2810415
2015-09-10,15.38,15.67,15.36,15.54,3138915
2015-09-11,15.47,15.52,15.39,15.49,2868852
2015-09-14,15.42,15.54,15.35,15.5,3024363
2015-09-15,15.55,15.77,15.44,15.7,2050337
2015-09-16,15.75,15.845,15.62,15.79,2516186
2015-09-17,15.75,15.91,15.41,15.475,3735977
2015-09-18,15.3,15.45,15.13,15.22,6816541
2015-09-21,15.33,15.56,15.33,15.48,2916000
2015-09-22,15.25,15.52,15.24,15.36,3223823
2015-09-23,15.43,15.59,15.355,15.46,2375473
2015-09-24,15.33,15.55,15.27,15.55,3983215
2015-09-25,15.72,15.8,15.61,15.68,3012504
2015-09-28,15.61,15.77,15.42,15.46,3289728
2015-09-29,15.53,15.58,15.425,15.53,4520826
2015-09-30,15.63,15.73,15.545,15.73,3409696
2015-10-01,15.66,15.75,15.405,15.58,4187436
2015-10-02,15.33,15.42,15.0,15.41,4455900
2015-10-05,15.54,15.78,15.49,15.735,2820029
2015-10-06,15.63,15.825,15.6,15.72,2549332
2015-10-07,15.8,15.91,15.66,15.88,2865832
2015-10-08,15.88,16.05,15.795,16.03,2172007
2015-10-09,16.0,16.05,15.705,15.78,2764404
2015-10-12,15.8,15.92,15.715,15.91,1659378
2015-10-13,15.84,15.985,15.81,15.85,3320283
2015-10-14,15.83,15.84,15.35,15.4,3862408
2015-10-15,15.5,15.61,15.36,15.59,4764266
2015-10-16,15.68,15.83,15.62,15.73,5806131
2015-10-19,15.7,16.03,15.62,15.91,4253698
2015-10-20,15.91,16.17,15.91,16.11,2582793
2015-10-21,16.21,16.25,15.87,15.9,3789722
2015-10-22,16.0,16.27,15.96,16.15,3097381
2015-10-23,16.26,16.45,16.19,16.44,3275930
2015-10-26,16.47,16.53,16.28,16.48,3239081
2015-10-27,16.4,16.65,16.4,16.53,5338797
2015-10-28,16.35,16.8,16.35,16.8,3909400
2015-10-29,16.65,16.695,16.35,16.435,6738244
2015-10-30,16.49,16.49,15.84,15.95,6643472
2015-11-02,16.04,16.3,15.98,16.28,3117768
2015-11-03,16.22,16.33,16.14,16.22,2265020
2015-11-04,16.25,16.3,16.15,16.22,2198736
2015-11-05,16.24,16.5,16.23,16.43,2527641
2015-11-06,16.66,16.87,16.61,16.79,3753376
2015-11-09,16.77,16.86,16.57,16.71,3383871
2015-11-10,16.73,16.87,16.6,16.78,4051543
2015-11-11,16.86,16.9,16.69,16.73,2376527
2015-11-12,16.7,16.8,16.49,16.51,3193057
2015-11-13,16.45,16.615,16.23,16.29,3095420
2015-11-16,16.29,16.545,16.22,16.54,3184413
2015-11-17,16.56,16.72,16.44,16.56,3630687
2015-11-18,16.59,16.64,16.275,16.62,5493711
2015-11-19,16.64,16.64,16.36,16.43,3907921
2015-11-20,16.45,16.655,16.43,16.6,3543001
2015-11-23,16.59,16.7,16.56,16.58,1917904
2015-11-24,16.47,16.68,16.39,16.64,2988968
2015-11-25,16.65,16.72,16.58,16.68,1769126
2015-11-27,16.66,16.72,16.55,16.7,1505442
2015-11-30,16.73,16.77,16.575,16.75,3294157
2015-12-01,16.85,16.91,16.645,16.85,5302542
2015-12-02,16.86,16.91,16.63,16.65,3916931
2015-12-03,16.68,16.74,16.44,16.47,5608025
2015-12-04,16.5,16.93,16.45,16.82,4987264
2015-12-07,16.75,16.78,16.41,16.49,4541258
2015-12-08,16.36,16.57,16.17,16.24,4897230
2015-12-09,16.2,16.495,16.09,16.18,4220586
2015-12-10,16.14,16.38,16.1,16.23,3325993
2015-12-11,16.04,16.12,15.88,15.99,3455948
2015-12-14,16.08,16.1,15.835,15.99,4616269
2015-12-15,16.12,16.44,16.1,16.32,4303572
2015-12-16,16.43,16.5899,16.25,16.53,3909184
2015-12-17,16.56,16.58,16.215,16.26,3442716
2015-12-18,16.28,16.56,15.85,15.9,16613797
2015-12-21,15.99,16.075,15.86,16.02,3238525
2015-12-22,16.1,16.21,15.845,16.18,3973220
2015-12-23,16.26,16.345,16.215,16.32,2259852
2015-12-24,16.29,16.41,16.25,16.35,733925
2015-12-28,16.26,16.36,16.12,16.34,1955290
2015-12-29,16.41,16.56,16.36,16.52,2453744
2015-12-30,16.52,16.54,16.33,16.35,1667865
2015-12-31,16.25,16.3589,16.14,16.15,2073090
2016-01-04,15.85,15.94,15.635,15.77,4508752
2016-01-05,15.8,15.88,15.64,15.76,3561200
2016-01-06,15.55,15.695,15.49,15.61,3604754
2016-01-07,15.31,15.48,15.19,15.25,3783519
2016-01-08,15.37,15.39,14.92,14.95,4088696
2016-01-11,15.04,15.11,14.83,14.99,5114009
2016-01-12,15.16,15.17,14.81,15.02,4638029
2016-01-13,15.12,15.17,14.47,14.49,6628319
2016-01-14,14.57,15.02,14.4,14.81,7220454
2016-01-15,14.42,14.8,14.11,14.48,6872239
2016-01-19,14.67,14.69,14.35,14.46,4265413
2016-01-20,14.23,14.62,13.975,14.44,6849939
2016-01-21,14.51,14.68,14.24,14.33,6147727
2016-01-22,14.35,14.48,13.778,13.94,9265158
2016-01-25,13.9,13.9,13.62,13.64,7303952
2016-01-26,13.64,14.16,13.64,14.11,6523387
2016-01-27,14.1,14.48,14.02,14.13,4395928
2016-01-28,14.01,14.2301,13.965,14.04,3460267
2016-01-29,14.04,14.37,14.0,14.37,4585835
2016-02-01,14.36,14.45,14.09,14.325,3882473
2016-02-02,14.18,14.305,14.0,14.07,3783259
2016-02-03,14.16,14.25,13.78,14.17,6691197
2016-02-04,14.07,14.53,14.07,14.33,4341251
2016-02-05,14.37,14.52,14.24,14.25,5867445
2016-02-08,14.03,14.445,13.935,14.36,6936159
2016-02-09,14.15,14.72,14.15,14.54,8882092
2016-02-10,14.61,14.74,14.15,14.2,5354081
2016-02-11,13.89,14.35,13.704,13.85,3696161
2016-02-12,14.08,14.47,14.025,14.36,4592799
2016-02-16,14.48,14.98,14.355,14.83,4953670
2016-02-17,14.78,14.95,14.56,14.68,4817961
2016-02-18,14.72,14.73,14.4,14.5,4075134
2016-02-19,14.49,14.75,14.34,14.67,3765228
2016-02-22,14.82,14.93,14.76,14.86,2241727
2016-02-23,14.83,14.87,14.56,14.7,4022041
2016-02-24,14.46,14.58,14.235,14.56,4901266
2016-02-25,14.64,14.8,14.51,14.78,2172064
2016-02-26,14.92,14.99,14.745,14.91,3729398
2016-02-29,14.89,14.91,14.61,14.61,3885224
2016-03-01,14.7,15.13,14.686,15.13,3524179
2016-03-02,15.08,15.3,14.995,15.29,2645481
2016-03-03,15.24,15.53,15.19,15.53,3524610
2016-03-04,15.53,15.71,15.48,15.61,2769119
2016-03-07,15.49,15.69,15.43,15.63,2932164
2016-03-08,15.55,15.66,15.455,15.48,3903098
2016-03-09,14.84,15.58,14.84,15.41,2987940
2016-03-10,15.56,15.79,15.42,15.72,5428997
2016-03-11,15.84,15.95,15.685,15.94,3333718
2016-03-14,15.87,15.99,15.7,15.9,3285653
2016-03-15,15.76,15.92,15.73,15.88,3369889
2016-03-16,15.8,16.02,15.66,15.84,4002492
2016-03-17,15.84,15.99,15.59,15.94,3274591
2016-03-18,15.99,16.23,15.7746,16.02,6292957
2016-03-21,15.82,16.13,15.82,16.13,2869395
2016-03-22,16.01,16.27,15.99,16.17,3393777
2016-03-23,16.14,16.17,15.955,15.96,3569295
2016-03-24,15.9,15.94,15.73,15.86,4780605
2016-03-28,15.95,15.99,15.795,15.85,4353835
2016-03-29,15.81,15.955,15.665,15.92,3645048
2016-03-30,15.97,16.215,15.9,16.09,4150251
2016-03-31,16.09,16.12,15.84,15.93,4382153
2016-04-01,15.83,16.13,15.77,16.13,4471974
2016-04-04,16.14,16.14,15.96,16.05,2728942
2016-04-05,15.51,15.86,15.51,15.64,4028207
2016-04-06,15.65,15.72,15.5,15.72,3227368
2016-04-07,15.63,15.68,15.24,15.31,4136065
2016-04-08,15.46,15.605,15.34,15.375,4339123
2016-04-11,15.45,15.67,15.425,15.46,3172610
2016-04-12,15.56,15.68,15.375,15.65,2685805
2016-04-13,15.76,16.05,15.75,16.03,3476239
2016-04-14,16.0,16.32,15.97,16.13,3432389
2016-04-15,16.17,16.215,16.005,16.07,2890277
2016-04-18,16.03,16.2,15.95,16.19,2328223
2016-04-19,16.22,16.36,16.18,16.35,3046946
2016-04-20,16.38,16.5,16.25,16.48,2935914
2016-04-21,16.65,16.68,15.8,15.87,6566489
2016-04-22,15.67,16.13,15.64,16.09,5971844
2016-04-25,16.15,16.15,15.87,16.04,3136818
2016-04-26,16.03,16.15,15.97,16.15,5392863
2016-04-27,15.98,16.14,15.7,15.81,5119619
2016-04-28,15.67,15.76,15.45,15.53,4354386
2016-04-29,15.52,15.58,15.38,15.5,6059268
2016-05-02,15.53,15.595,15.42,15.55,3841195
2016-05-03,15.38,15.49,15.2,15.3,4056500
2016-05-04,15.23,15.29,14.93,15.06,5500120
2016-05-05,15.14,15.2,14.94,15.0,4201238
2016-05-06,14.94,15.05,14.88,15.04,3695187
2016-05-09,15.0,15.14,14.93,15.13,5129388
2016-05-10,15.18,15.28,15.09,15.21,16369332
2016-05-11,15.23,15.43,15.18,15.24,5615121
2016-05-12,15.27,15.355,15.14,15.28,3710022
2016-05-13,15.27,15.38,15.01,15.04,4458475
2016-05-16,15.04,15.27,15.01,15.21,4279242
2016-05-17,15.18,15.23,14.91,14.99,4584181
2016-05-18,14.99,15.41,14.97,15.38,4521503
2016-05-19,15.31,15.42,15.16,15.27,4161070
2016-05-20,15.3,15.47,15.2,15.42,11302572
2016-05-23,15.42,15.49,15.335,15.4,3063532
2016-05-24,15.42,15.67,15.4,15.63,3116080
2016-05-25,15.66,15.94,15.66,15.84,4259733
2016-05-26,15.81,15.82,15.61,15.66,2811849
2016-05-27,15.73,15.86,15.65,15.85,3044844
2016-05-31,15.92,15.92,15.75,15.88,4134505
2016-06-01,15.76,16.0,15.71,15.97,3586127
2016-06-02,15.91,16.0,15.85,16.0,2114134
2016-06-03,15.76,15.8148,15.34,15.75,4260632
2016-06-06,15.79,15.97,15.71,15.89,2728036
2016-06-07,15.85,15.9,15.76,15.77,1940866
2016-06-08,15.82,15.9,15.74,15.89,2319004
2016-06-09,15.98,15.98,15.58,15.74,2014295
2016-06-10,15.59,15.76,15.51,15.7,3427044
2016-06-13,15.65,15.8,15.46,15.48,3639389
2016-06-14,15.46,15.51,15.11,15.17,3754111
2016-06-15,15.22,15.43,15.18,15.28,2943534
2016-06-16,15.21,15.24,15.01,15.14,2509170
2016-06-17,15.14,15.3067,15.04,15.17,7332072
2016-06-20,15.41,15.58,15.31,15.32,2214082
2016-06-21,15.38,15.46,15.24,15.43,2656730
2016-06-22,15.43,15.6,15.43,15.43,3120891
2016-06-23,15.61,15.92,15.47,15.91,3409497
2016-06-24,15.23,15.41,15.05,15.08,4876459
2016-06-27,14.42,14.68,13.8,13.84,16380269
2016-06-28,14.02,14.13,13.8,14.13,8952867
2016-06-29,14.4,14.44,14.17,14.44,6890167
2016-06-30,14.52,14.66,14.33,14.66,5987616
2016-07-01,14.6,14.66,14.49,14.65,3882932
2016-07-05,14.46,14.55,14.22,14.39,4373533
2016-07-06,14.35,14.54,14.22,14.54,4341712
2016-07-07,14.54,14.75,14.47,14.65,3618732
2016-07-08,14.82,14.97,14.6101,14.83,3445180
2016-07-11,14.97,15.04,14.89,14.98,3072170
2016-07-12,15.18,15.29,15.11,15.24,3046053
2016-07-13,15.27,15.31,15.16,15.22,3127105
2016-07-14,15.4,15.53,15.3,15.46,3635278
2016-07-15,15.52,15.57,15.42,15.47,5069652
2016-07-18,15.44,15.45,15.29,15.32,2892720
2016-07-19,15.31,15.43,15.22,15.39,1872257
2016-07-20,15.47,15.47,15.28,15.29,2850403
2016-07-21,15.3,15.5,15.13,15.17,3810055
2016-07-22,15.24,15.45,15.15,15.42,5983627
2016-07-25,15.44,15.45,15.32,15.38,3679316
2016-07-26,15.33,15.45,15.29,15.33,2521359
2016-07-27,15.29,15.45,15.23,15.25,3954502
2016-07-28,15.03,15.15,14.92,15.15,4765036
2016-07-29,15.14,15.24,15.03,15.16,10688749
2016-08-01,15.18,15.24,14.925,14.98,3514797
2016-08-02,14.93,14.99,14.79,14.84,2424061
2016-08-03,14.87,15.08,14.82,15.07,2731442
2016-08-04,15.09,15.23,15.06,15.08,2411150
2016-08-05,15.18,15.49,15.05,15.48,3238457
2016-08-08,15.52,15.59,15.4,15.44,2094170
2016-08-09,15.41,15.55,15.3822,15.5,3354704
2016-08-10,15.52,15.535,15.32,15.4,3965098
2016-08-11,15.48,15.48,15.35,15.45,3476762
2016-08-12,15.43,15.44,15.27,15.39,2161566
2016-08-15,15.39,15.569,15.39,15.51,2030464
2016-08-16,15.43,15.53,15.35,15.43,2449133
2016-08-17,15.42,15.51,15.38,15.5,2446821
2016-08-18,15.5,15.54,15.43,15.52,2018393
2016-08-19,15.5,15.65,15.43,15.61,2416928
2016-08-22,15.61,15.72,15.56,15.69,1816748
2016-08-23,15.77,15.775,15.67,15.7,1932701
2016-08-24,15.69,15.75,15.66,15.7,1507040
2016-08-25,15.72,15.86,15.72,15.81,1879141
2016-08-26,15.91,15.97,15.72,15.87,2446675
2016-08-29,15.84,15.99,15.84,15.97,2284785
2016-08-30,16.0,16.2,15.95,16.19,3187205
2016-08-31,16.18,16.25,16.02,16.25,3615945
2016-09-01,16.32,16.335,16.0,16.18,2653484
2016-09-02,16.2,16.34,16.14,16.33,2229707
2016-09-06,16.38,16.4,16.07,16.12,2998441
2016-09-07,16.09,16.31,16.02,16.28,2412947
2016-09-08,16.3,16.34,16.21,16.27,2598854
2016-09-09,16.26,16.34,16.08,16.08,3056599
2016-09-12,16.04,16.21,15.895,16.16,3241261
2016-09-13,16.05,16.06,15.81,16.0,3527545
2016-09-14,15.94,16.06,15.81,15.855,3416588
2016-09-15,15.89,16.01,15.82,15.93,4439193
2016-09-16,15.78,15.835,15.64,15.71,5249836
2016-09-19,15.77,15.88,15.64,15.71,2362818
2016-09-20,15.79,15.83,15.66,15.68,2338304
2016-09-21,15.79,15.81,15.59,15.72,2046566
2016-09-22,15.97,15.97,15.672,15.85,1907082
2016-09-23,15.8,15.94,15.78,15.81,2955912
2016-09-26,15.69,15.7235,15.51,15.53,2610481
2016-09-27,15.54,15.72,15.46,15.67,2723179
2016-09-28,15.7,15.85,15.61,15.84,2534676
2016-09-29,15.8,15.93,15.55,15.62,2836160
2016-09-30,15.7,15.9,15.53,15.82,3707505
2016-10-03,15.69,15.85,15.67,15.75,2884999
2016-10-04,15.77,15.94,15.65,15.76,2670585
2016-10-05,15.85,16.015,15.76,15.88,2247151
2016-10-06,15.87,15.915,15.715,15.87,2293311
2016-10-07,15.88,15.92,15.69,15.83,2645948
2016-10-10,15.97,16.005,15.86,15.89,1464436
2016-10-11,15.88,15.98,15.68,15.78,1700859
2016-10-12,15.8,15.885,15.74,15.74,1587281
2016-10-13,15.62,15.6669,15.28,15.41,2855346
2016-10-14,15.54,15.64,15.44,15.51,4527899
2016-10-17,15.55,15.59,15.38,15.44,1987057
2016-10-18,15.6,15.66,15.4618,15.64,2732307
2016-10-19,15.71,15.91,15.695,15.81,3172091
2016-10-20,15.74,16.01,15.7036,15.925,5414268
2016-10-21,16.07,16.11,15.82,16.09,4245180
2016-10-24,16.2,16.3,16.09,16.22,2687407
2016-10-25,16.28,16.33,16.2,16.28,3045817
2016-10-26,16.23,16.38,16.22,16.24,2853149
2016-10-27,16.34,16.56,16.26,16.46,5595126
2016-10-28,16.27,16.33,16.06,16.19,3251407
2016-10-31,16.25,16.35,16.13,16.24,7133195
2016-11-01,16.25,16.36,16.04,16.24,3694097
2016-11-02,16.23,16.23,16.05,16.15,2925758
2016-11-03,16.24,16.31,16.1325,16.23,2539560
2016-11-04,16.22,16.42,16.145,16.23,2594689
2016-11-07,16.48,16.77,16.43,16.73,3623346
2016-11-08,16.7,16.725,16.49,16.645,2713639
2016-11-09,16.85,17.59,16.51,17.485,5487756
2016-11-10,17.67,18.43,17.6,17.94,8284416
2016-11-11,17.89,18.35,17.82,18.28,4768599
2016-11-14,18.09,18.87,18.09,18.58,6629755
2016-11-15,18.39,18.605,18.15,18.55,5693398
2016-11-16,18.28,18.36,18.065,18.11,7444472
2016-11-17,18.08,18.35,18.0,18.26,5124876
2016-11-18,18.31,18.34,18.19,18.29,3182194
2016-11-21,18.32,18.43,18.24,18.41,2114317
2016-11-22,18.51,18.6,18.29,18.37,3316577
2016-11-23,18.44,18.6,18.37,18.52,2756527
2016-11-25,18.52,18.59,18.49,18.57,1054370
2016-11-28,18.51,18.585,18.33,18.38,3030273
2016-11-29,18.43,18.595,18.34,18.49,2104092
2016-11-30,18.69,18.83,18.64,18.72,3715085
2016-12-01,18.8,19.0,18.74,18.93,3752225
2016-12-02,18.73,18.81,18.54,18.6,4682549
2016-12-05,18.67,18.94,18.635,18.93,5894544
2016-12-06,19.0,19.2,18.8,19.18,3995245
2016-12-07,19.17,19.71,19.14,19.67,3740013
2016-12-08,19.68,20.13,19.57,20.0,4633515
2016-12-09,19.98,20.04,19.67,19.93,7618152
2016-12-12,19.94,19.98,19.345,19.41,4865461
2016-12-13,19.44,19.59,19.25,19.45,3674744
2016-12-14,19.36,19.51,19.14,19.18,5832693
2016-12-15,19.23,19.46,19.12,19.35,4176557
2016-12-16,19.28,19.47,18.97,19.11,8201279
2016-12-19,19.17,19.29,19.005,19.27,2931513
2016-12-20,19.56,19.655,19.32,19.4,4435150
2016-12-21,19.43,19.45,19.32,19.35,2531368
2016-12-22,19.31,19.54,19.21,19.42,2237890
2016-12-23,19.4,19.45,19.3,19.36,1316811
2016-12-27,19.37,19.51,19.29,19.48,1807065
2016-12-28,19.48,19.54,19.305,19.49,3462397
2016-12-29,19.49,19.59,19.32,19.37,3154149
2016-12-30,19.4,19.48,19.265,19.36,2896134
2017-01-03,19.58,19.71,19.15,19.29,3897647
2017-01-04,19.28,19.65,19.11,19.6,3477514
2017-01-05,19.51,19.54,19.09,19.28,3229527
2017-01-06,19.37,19.535,19.27,19.42,2095573
2017-01-09,19.35,19.37,19.08,19.27,2808262
2017-01-10,19.36,19.65,19.305,19.5,3110788
2017-01-11,19.57,19.65,19.38,19.65,2518795
2017-01-12,19.58,19.605,19.24,19.45,3786864
2017-01-13,19.56,19.85,19.545,19.66,2720873
2017-01-17,19.5,19.52,19.05,19.105,3546053
2017-01-18,19.17,19.315,18.94,19.29,3360594
2017-01-19,19.29,19.29,18.96,19.13,3833306
2017-01-20,18.96,19.12,18.61,18.69,7815016
2017-01-23,18.63,18.74,18.47,18.66,4712436
2017-01-24,18.72,18.94,18.67,18.885,4513707
2017-01-25,18.99,19.16,18.91,19.09,5401506
2017-01-26,19.11,19.31,19.08,19.28,3842252
2017-01-27,19.25,19.31,18.99,19.04,3441392
