2013-02-08,102.34,103.33,102.04,102.66,1937721
2013-02-11,102.39,102.88,102.0401,102.62,1715444
2013-02-12,102.66,103.59,102.63,103.46,1927930
2013-02-13,103.03,103.395,102.58,102.86,1699804
2013-02-14,102.43,103.14,102.22,102.78,2217419
2013-02-15,103.06,103.38,102.62,103.23,2326159
2013-02-19,103.42,104.3916,103.32,104.18,2988487
2013-02-20,104.18,104.4,103.15,103.15,2997192
2013-02-21,102.88,103.14,102.39,102.72,2758728
2013-02-22,102.99,103.7,102.82,103.54,2158013
2013-02-25,103.91,104.04,101.75,101.75,3022232
2013-02-26,102.11,102.66,101.91,102.31,2472815
2013-02-27,102.1,103.93,101.95,103.57,2353996
2013-02-28,103.6,104.56,103.14,104.0,2871517
2013-03-01,103.39,103.94,102.72,103.77,2660845
2013-03-04,103.51,103.51,102.59,103.28,2566248
2013-03-05,103.76,104.81,103.65,104.45,2632138
2013-03-06,104.73,105.42,104.47,104.66,3470236
2013-03-07,104.8,105.155,104.49,104.54,1876432
2013-03-08,105.0,105.81,104.825,105.71,2358400
2013-03-11,105.33,105.955,105.33,105.81,1721231
2013-03-12,105.82,105.98,104.96,105.13,2226679
2013-03-13,105.13,105.57,104.88,105.09,2059778
2013-03-14,105.33,106.02,105.26,106.02,2207208
2013-03-15,105.9,106.88,105.851,106.4,5149251
2013-03-18,105.23,105.96,105.22,105.41,1811381
2013-03-19,105.83,105.98,104.64,105.18,3211336
2013-03-20,105.91,106.17,105.38,105.66,1799845
2013-03-21,105.39,105.4619,104.72,104.94,1937925
2013-03-22,105.1,106.485,105.1,106.42,2397904
2013-03-25,106.53,106.8,104.68,105.17,3739146
2013-03-26,105.41,106.225,105.41,106.07,1893455
2013-03-27,105.35,105.5,104.97,105.29,2129667
2013-03-28,105.67,106.34,105.28,106.31,2276617
2013-04-01,106.0,106.17,105.42,105.65,1685379
2013-04-02,105.8,106.8,105.79,106.52,2097792
2013-04-03,106.6,106.97,105.43,105.68,3278809
2013-04-04,105.82,106.22,105.3,105.82,1771217
2013-04-05,104.45,105.875,104.35,105.78,2477762
2013-04-08,105.86,106.42,105.1,105.75,1947664
2013-04-09,106.0,106.69,105.39,105.95,2370519
2013-04-10,106.09,107.93,106.028,107.69,3262930
2013-04-11,107.86,108.72,107.86,108.25,2137977
2013-04-12,107.89,108.2699,107.31,107.68,2111387
2013-04-15,107.15,107.91,105.74,105.76,3677319
2013-04-16,106.69,106.85,105.7001,106.15,2636835
2013-04-17,105.47,105.8,104.93,105.48,3155340
2013-04-18,105.84,105.97,104.28,104.98,3144693
2013-04-19,105.31,105.88,104.82,105.71,3323701
2013-04-22,105.71,106.1,105.14,105.8,2646729
2013-04-23,106.24,107.51,105.86,107.39,3209753
2013-04-24,107.61,108.15,107.24,107.87,3238113
2013-04-25,104.46,105.64,103.5,104.88,9026991
2013-04-26,104.97,105.18,103.46,103.79,3359384
2013-04-29,103.91,104.2,102.89,103.83,2903008
2013-04-30,103.98,104.74,102.97,104.71,3769701
2013-05-01,104.78,105.12,104.42,104.55,3258868
2013-05-02,105.04,106.375,104.91,106.04,3120040
2013-05-03,106.96,108.6,106.85,107.83,3013051
2013-05-06,107.63,107.99,107.45,107.84,2174314
2013-05-07,107.61,108.371,107.55,108.01,2235501
2013-05-08,108.03,108.29,107.77,108.2,2654353
2013-05-09,108.11,110.51,108.11,109.92,4486923
2013-05-10,110.08,110.64,109.75,110.48,2993677
2013-05-13,109.99,110.72,109.71,110.5,2045328
2013-05-14,110.32,110.79,110.27,110.59,2482692
2013-05-15,110.4,111.715,110.29,111.5,2912537
2013-05-16,111.21,111.7,110.95,111.07,2685808
2013-05-17,111.16,111.78,110.94,111.39,4060681
2013-05-20,111.13,112.055,110.96,111.72,2457246
2013-05-21,112.11,112.34,111.52,112.01,2474001
2013-05-22,111.59,112.29,110.57,110.79,3833236
2013-05-23,110.06,110.7,109.58,110.41,2550599
2013-05-24,109.86,110.49,109.49,110.27,2228321
2013-05-28,111.15,112.38,111.04,111.59,2721046
2013-05-29,111.04,111.36,110.48,111.13,2113583
2013-05-30,111.34,112.0,111.011,111.42,2599268
2013-05-31,110.79,112.211,110.27,110.27,3207875
2013-06-03,110.7,110.95,109.6901,110.61,2647752
2013-06-04,110.65,111.2,109.53,110.02,2508594
2013-06-05,109.8,109.89,108.395,108.59,2690309
2013-06-06,108.46,108.775,107.64,108.67,2681095
2013-06-07,109.38,111.12,108.97,111.11,3375913
2013-06-10,111.41,111.45,110.54,110.81,2224123
2013-06-11,109.9,111.08,109.51,110.22,1752156
2013-06-12,110.99,111.06,108.95,109.03,2400667
2013-06-13,108.95,111.44,108.58,111.2,2603119
2013-06-14,111.3,112.07,110.75,111.03,2016784
2013-06-17,111.85,112.87,111.6445,111.91,2617737
2013-06-18,112.07,113.23,111.9,112.97,1695374
2013-06-19,112.96,113.25,111.53,111.57,1972177
2013-06-20,110.71,110.76,108.52,108.78,2975586
2013-06-21,109.5,110.06,108.74,109.59,4674703
2013-06-24,108.784,108.784,107.15,107.5,3602390
2013-06-25,108.2,108.75,107.54,108.24,2677161
2013-06-26,109.07,109.98,108.73,109.68,2525705
2013-06-27,110.54,110.9,109.97,110.24,2232561
2013-06-28,109.86,110.47,109.14,109.35,3429861
2013-07-01,108.37,110.36,108.36,109.31,2668810
2013-07-02,109.05,109.75,108.33,108.73,3008715
2013-07-03,108.28,109.9,108.21,109.45,1364138
2013-07-05,110.37,111.56,109.87,111.54,2064442
2013-07-08,112.0,112.784,111.901,112.13,2572605
2013-07-09,113.09,113.52,112.795,113.35,2196198
2013-07-10,113.38,113.88,112.91,113.43,2307474
2013-07-11,114.36,114.75,114.17,114.53,2387481
2013-07-12,114.57,115.24,114.27,115.14,2291871
2013-07-15,115.14,115.49,114.75,114.85,2064596
2013-07-16,114.99,115.44,114.06,114.34,2458369
2013-07-17,114.97,115.27,114.31,114.64,2096714
2013-07-18,114.61,115.75,114.57,115.48,2945741
2013-07-19,115.34,116.47,115.34,116.19,3093840
2013-07-22,116.0,116.82,115.66,116.28,2823478
2013-07-23,116.44,117.3,116.01,116.75,2254488
2013-07-24,117.07,117.09,116.06,116.33,1808468
2013-07-25,115.3,116.9,114.84,116.55,3346643
2013-07-26,116.17,116.93,115.34,116.91,2332171
2013-07-29,116.41,116.8052,116.06,116.61,1460394
2013-07-30,116.9,117.12,116.33,116.84,2285234
2013-07-31,117.13,118.596,117.01,117.43,2693963
2013-08-01,118.38,119.26,118.27,118.41,2996921
2013-08-02,117.98,118.35,117.47,118.26,1899268
2013-08-05,118.17,118.25,117.81,117.92,1351794
2013-08-06,117.82,117.95,117.14,117.5,1841126
2013-08-07,117.3,117.948,117.04,117.83,1934049
2013-08-08,118.27,119.0,117.64,118.68,2380613
2013-08-09,118.73,119.2,117.7,118.31,2460101
2013-08-12,118.0,118.76,117.72,118.38,1647357
2013-08-13,118.52,119.18,117.19,118.67,2023282
2013-08-14,118.9,118.91,117.57,117.62,2021385
2013-08-15,116.92,116.92,115.6401,115.85,1994897
2013-08-16,115.68,116.21,115.64,115.9,2332815
2013-08-19,115.83,115.96,115.47,115.61,1829281
2013-08-20,115.52,115.89,115.19,115.42,2151336
2013-08-21,114.79,114.84,113.34,113.42,2293686
2013-08-22,113.61,114.89,113.3445,114.67,2002010
2013-08-23,114.76,115.0,113.59,114.4,1953688
2013-08-26,114.38,115.1725,114.04,114.33,1816978
2013-08-27,113.41,113.82,112.67,112.73,1916248
2013-08-28,112.51,113.42,112.36,113.0,1545807
2013-08-29,112.87,113.83,112.58,113.32,1457228
2013-08-30,113.61,113.74,112.85,113.58,2205589
2013-09-03,114.57,114.92,112.85,113.22,2168074
2013-09-04,113.08,114.865,113.08,114.55,2312243
2013-09-05,114.35,115.12,114.03,114.87,1954308
2013-09-06,115.09,115.82,113.8877,115.04,1965563
2013-09-09,115.63,117.14,115.51,116.74,1976769
2013-09-10,117.31,117.87,117.07,117.59,2572759
2013-09-11,117.63,118.71,117.59,118.71,1890470
2013-09-12,118.8,118.914,118.0,118.2,2399733
2013-09-13,118.49,118.85,118.32,118.6,1973296
2013-09-16,119.79,120.0,119.06,119.23,2758726
2013-09-17,119.07,120.19,118.65,119.93,2436138
2013-09-18,120.25,121.51,119.87,121.29,3307746
2013-09-19,121.15,122.27,121.15,121.57,2896161
2013-09-20,121.5,121.93,120.01,120.01,7005029
2013-09-23,120.43,121.47,120.37,121.11,3468547
2013-09-24,121.24,121.87,120.69,120.8,3535813
2013-09-25,120.89,121.21,120.17,120.2,2173387
2013-09-26,120.6,121.0,119.92,120.66,2240949
2013-09-27,119.97,120.3,119.26,120.22,2028123
2013-09-30,119.39,119.956,118.67,119.41,2104698
2013-10-01,119.69,119.82,118.8,119.62,1854810
2013-10-02,119.13,119.59,118.44,119.2,2056549
2013-10-03,118.71,119.11,117.89,118.55,2525828
2013-10-04,118.37,119.71,118.13,119.4,1983719
2013-10-07,118.56,119.265,118.28,118.69,1931239
2013-10-08,118.72,119.22,117.1,117.16,2879106
2013-10-09,117.27,117.96,116.65,117.57,2499169
2013-10-10,118.6,119.34,118.32,119.34,2688838
2013-10-11,119.16,120.77,118.39,120.72,2492704
2013-10-14,120.26,121.7,120.0,121.4,1866804
2013-10-15,121.28,121.38,119.79,119.82,2720520
2013-10-16,120.86,120.94,120.14,120.94,2602760
2013-10-17,120.74,122.87,120.71,122.62,2791719
2013-10-18,122.87,123.45,122.4,122.84,2590546
2013-10-21,122.79,123.31,122.68,123.25,1747449
2013-10-22,123.36,124.32,123.28,123.8,2053459
2013-10-23,123.43,123.73,122.5,123.2,2337493
2013-10-24,122.96,124.955,122.7,123.49,3851061
2013-10-25,123.05,124.46,122.87,124.42,2054269
2013-10-28,124.13,125.32,123.8,124.92,2358403
2013-10-29,125.08,125.48,124.62,125.28,1986724
2013-10-30,125.57,125.98,124.76,124.79,2107662
2013-10-31,124.97,126.38,124.95,125.85,2327199
2013-11-01,126.76,126.93,125.12,125.9,1676596
2013-11-04,125.98,126.49,125.56,126.32,1741465
2013-11-05,125.75,126.46,124.86,126.12,1764260
2013-11-06,126.46,127.32,126.23,127.13,1911624
2013-11-07,127.15,127.8799,126.23,126.41,3188896
2013-11-08,126.03,128.02,126.03,127.99,2234273
2013-11-11,127.54,128.169,127.25,127.95,1751487
2013-11-12,128.15,128.59,127.55,128.36,2428596
2013-11-13,127.86,128.66,127.43,128.59,2426280
2013-11-14,128.97,130.12,128.8,129.79,2569809
2013-11-15,129.15,130.0,128.98,129.85,2360393
2013-11-18,129.91,130.5,129.775,130.13,2148174
2013-11-19,130.02,130.78,129.92,130.05,2532503
2013-11-20,129.5,130.3,128.55,129.18,2691794
2013-11-21,129.69,130.41,129.59,130.35,1576647
2013-11-22,130.36,132.55,129.82,131.02,1644799
2013-11-25,131.8,131.87,130.94,131.23,2496334
2013-11-26,131.45,132.6358,131.33,132.15,4229577
2013-11-27,132.63,133.65,131.94,133.5,2433546
2013-11-29,133.51,134.16,133.34,133.51,2029049
2013-12-02,131.67,132.0,127.39,127.68,6901333
2013-12-03,126.06,127.39,125.151,126.6,7865043
2013-12-04,125.95,127.59,125.485,126.46,3455951
2013-12-05,126.4,127.65,126.22,126.83,2842740
2013-12-06,128.19,128.8,127.85,128.61,2886135
2013-12-09,128.8,129.18,128.39,128.57,2064407
2013-12-10,128.07,128.53,127.53,127.55,2353154
2013-12-11,128.74,129.66,126.71,126.77,3897498
2013-12-12,126.63,127.39,125.98,126.58,2486721
2013-12-13,126.65,127.35,125.98,126.43,1743444
2013-12-16,126.77,128.77,126.47,127.66,2805302
2013-12-17,130.42,131.62,129.98,131.39,6212275
2013-12-18,131.4801,135.81,131.4801,135.8,5580201
2013-12-19,135.06,136.52,134.73,136.41,4081024
2013-12-20,136.78,138.09,136.6,136.72,5856853
2013-12-23,137.1,137.43,136.32,136.8,3443556
2013-12-24,137.23,137.34,136.35,136.99,1311676
2013-12-26,137.3,138.68,137.031,138.29,2158185
2013-12-27,138.78,139.4,138.55,139.35,1895102
2013-12-30,139.08,139.65,138.79,139.42,1714254
2013-12-31,140.0,140.43,139.48,140.25,1846529
2014-01-02,138.05,139.0,137.61,138.13,3053521
2014-01-03,138.37,138.8799,138.03,138.45,2133336
2014-01-06,138.75,139.29,137.48,137.63,2712055
2014-01-07,137.45,138.2,137.13,137.65,2525529
2014-01-08,137.48,137.75,136.34,136.63,3122674
2014-01-09,137.02,137.43,136.201,136.45,2539952
2014-01-10,136.95,137.19,135.68,136.18,3254329
2014-01-13,135.81,137.06,134.57,134.68,2633428
2014-01-14,135.11,137.41,134.74,137.41,2480170
2014-01-15,137.77,138.82,137.56,138.44,3043498
2014-01-16,137.74,138.5,137.63,138.16,1792677
2014-01-17,137.98,138.75,136.98,137.31,2335555
2014-01-21,138.45,138.95,136.296,136.99,2705751
2014-01-22,137.35,137.49,136.33,136.48,2118966
2014-01-23,135.64,135.66,133.95,134.71,2720254
2014-01-24,133.73,133.73,130.22,130.22,3784000
2014-01-27,130.02,130.59,128.66,128.96,3313315
2014-01-28,129.43,130.01,129.096,129.81,2734536
2014-01-29,130.1,131.27,129.0,130.25,3585136
2014-01-30,129.96,129.96,126.53,128.05,4103794
2014-01-31,126.6,129.2,126.42,128.19,3715366
2014-02-03,128.22,128.59,123.61,123.9,4245704
2014-02-04,126.09,127.6425,124.12,126.72,7423602
2014-02-05,128.01,128.76,125.92,127.36,4960130
2014-02-06,127.6,129.2,127.1,128.9,3828431
2014-02-07,129.57,130.39,128.81,130.33,3271820
2014-02-10,129.65,130.41,129.0245,129.7,3317360
2014-02-11,129.7,131.49,129.65,130.98,2604237
2014-02-12,130.34,131.0,130.01,130.44,2100646
2014-02-13,129.29,130.38,128.66,130.14,2850607
2014-02-14,129.77,132.19,129.5,132.12,3031589
2014-02-18,132.31,132.75,131.64,131.8,2876570
2014-02-19,131.33,132.71,130.46,130.56,2719359
2014-02-20,130.65,132.0301,130.0451,131.56,2155829
2014-02-21,131.56,132.33,131.3,131.57,2574269
2014-02-24,131.89,133.46,131.44,132.2,2454286
2014-02-25,132.27,133.43,131.86,132.93,2865583
2014-02-26,133.13,133.4599,132.28,132.86,2771103
2014-02-27,132.63,134.58,132.0,134.34,3123972
2014-02-28,134.19,135.2,133.92,134.73,3179708
2014-03-03,133.07,133.8099,131.67,132.21,2814379
2014-03-04,131.92,133.08,131.58,132.68,6975609
2014-03-05,132.66,134.0346,132.19,133.85,3551443
2014-03-06,134.37,134.74,134.02,134.08,2236816
2014-03-07,134.88,135.0,133.71,134.11,2381391
2014-03-10,133.98,134.08,133.1,133.56,1966251
2014-03-11,133.73,133.84,132.227,132.51,1928934
2014-03-12,132.07,132.76,131.59,132.57,2636985
2014-03-13,133.19,133.67,130.64,130.81,2520817
2014-03-14,130.08,131.11,129.7,129.83,2975110
2014-03-17,130.66,132.69,130.66,132.27,2529436
2014-03-18,132.49,133.23,132.25,132.74,2032836
2014-03-19,132.75,132.85,130.58,131.23,2141027
2014-03-20,131.15,132.85,130.86,132.43,2577475
2014-03-21,133.58,134.24,132.9,133.12,5920375
2014-03-24,133.32,133.7,131.8801,132.42,2799616
2014-03-25,133.66,134.53,132.895,134.06,2898123
2014-03-26,134.66,134.89,133.09,133.09,2318889
2014-03-27,132.82,133.49,132.18,132.84,2409787
2014-03-28,133.58,134.97,133.18,134.2,1906496
2014-03-31,134.61,135.8706,134.58,135.66,2711953
2014-04-01,135.88,136.65,135.67,136.53,2371045
2014-04-02,135.99,136.25,135.33,136.0,3281384
2014-04-03,136.22,137.19,135.7,136.14,2677221
2014-04-04,136.9,137.77,135.77,135.86,2735319
2014-04-07,135.81,136.25,134.39,134.4,2807517
2014-04-08,134.44,135.1525,133.43,134.84,2893573
2014-04-09,135.0,135.87,134.5,135.84,2671878
2014-04-10,135.73,136.43,133.9,133.97,2857305
2014-04-11,133.37,133.84,132.39,132.39,2368364
2014-04-14,133.45,133.52,132.02,133.15,2058107
2014-04-15,133.27,134.35,132.02,134.09,2119044
2014-04-16,135.17,136.78,134.81,136.77,2135337
2014-04-17,137.3,138.25,137.25,137.73,2645619
2014-04-21,137.25,138.71,137.18,138.62,1781138
2014-04-22,138.5,139.52,138.13,138.89,2252491
2014-04-23,138.81,138.89,137.89,137.99,2847591
2014-04-24,136.38,136.99,135.0,136.65,2847809
2014-04-25,136.5,136.96,135.69,136.56,2093074
2014-04-28,137.43,138.35,135.97,137.23,2244309
2014-04-29,137.87,137.9,136.56,137.55,1820903
2014-04-30,137.63,139.2,137.33,139.09,2906766
2014-05-01,139.5,141.49,139.12,140.81,3997985
2014-05-02,141.63,141.83,139.87,140.12,5758462
2014-05-05,139.14,141.05,138.65,140.61,2711091
2014-05-06,140.28,140.43,139.17,139.29,2299671
2014-05-07,139.98,141.25,139.175,141.14,2238499
2014-05-08,140.88,142.1199,140.51,140.83,1939407
2014-05-09,140.56,141.37,140.25,141.34,2092997
2014-05-12,141.78,142.94,141.71,142.82,2972085
2014-05-13,143.0,143.37,142.32,142.43,1695439
2014-05-14,142.48,142.77,141.41,141.6,2113403
2014-05-15,141.56,141.739,140.022,140.98,2388376
2014-05-16,140.93,141.2,139.91,141.13,1901726
2014-05-19,140.07,142.0,139.98,141.67,1529159
2014-05-20,141.6,141.9,139.89,140.23,1845131
2014-05-21,139.77,140.79,139.77,140.66,1641048
2014-05-22,140.71,140.96,140.26,140.31,1550242
2014-05-23,140.23,141.18,140.052,141.14,1209384
2014-05-27,141.5,141.6,141.13,141.44,1512336
2014-05-28,141.81,141.9,141.06,141.43,1566124
2014-05-29,141.5,142.43,141.19,142.39,1624138
2014-05-30,142.11,142.67,141.78,142.55,3908258
2014-06-02,142.27,142.91,141.69,142.32,1682363
2014-06-03,142.08,143.13,141.61,142.89,2061733
2014-06-04,142.91,143.0,142.26,142.26,1335673
2014-06-05,142.76,143.74,141.9,143.71,1542282
2014-06-06,143.99,144.64,143.53,144.64,1769660
2014-06-09,144.64,145.53,144.61,145.32,1800929
2014-06-10,144.97,145.21,144.46,144.97,1699958
2014-06-11,144.66,144.97,144.19,144.41,1489897
2014-06-12,144.95,144.95,142.78,143.07,1839500
2014-06-13,143.19,143.75,142.83,143.36,1376210
2014-06-16,142.93,143.53,142.6,143.32,1274286
2014-06-17,143.01,143.99,142.64,143.69,1209437
2014-06-18,143.93,144.39,142.77,144.33,1340743
2014-06-19,144.53,144.72,143.99,144.49,1560479
2014-06-20,144.54,145.3,144.2,145.16,4204666
2014-06-23,145.1,145.3,144.01,144.09,1390232
2014-06-24,143.71,144.6156,143.05,143.09,1404566
2014-06-25,143.0,144.38,142.88,143.65,1321768
2014-06-26,143.75,143.99,142.5577,143.73,1490908
2014-06-27,143.17,144.0699,143.0625,143.69,1981763
2014-06-30,143.92,143.93,143.06,143.24,1878415
2014-07-01,143.41,144.82,143.38,144.56,1767594
2014-07-02,144.23,145.3,143.56,145.23,1621309
2014-07-03,145.25,145.73,145.0,145.41,1142241
2014-07-07,145.48,145.58,144.5,144.91,1257923
2014-07-08,145.22,145.4,144.48,144.56,1596826
2014-07-09,144.78,145.04,144.03,144.68,1521771
2014-07-10,143.5,144.2,143.2375,143.89,2070061
2014-07-11,144.14,144.49,143.54,144.31,1907924
2014-07-14,144.99,145.71,144.75,145.0,2114592
2014-07-15,145.0,145.48,144.36,145.06,1955732
2014-07-16,145.28,146.25,145.0297,146.17,1971812
2014-07-17,145.33,145.67,143.45,143.54,2778988
2014-07-18,143.83,145.06,143.54,144.83,2132969
2014-07-21,144.66,144.87,143.65,144.3,1520875
2014-07-22,144.89,145.67,144.89,145.12,1608162
2014-07-23,145.34,145.4476,144.53,144.68,1849659
2014-07-24,145.51,146.43,144.47,145.13,2580146
2014-07-25,145.66,145.94,144.59,145.12,1601797
2014-07-28,144.92,145.63,143.78,145.53,2002176
2014-07-29,145.22,146.27,143.99,144.02,2288993
2014-07-30,144.26,144.78,143.52,143.74,2458395
2014-07-31,143.33,143.55,140.6,140.89,3572440
2014-08-01,140.15,140.98,139.21,140.75,2494476
2014-08-04,140.15,140.98,139.21,140.75,2494476
2014-08-05,140.62,141.12,139.34,139.78,2168828
2014-08-06,139.14,139.94,138.43,139.55,2678975
2014-08-07,140.05,140.3701,138.96,139.13,1892551
2014-08-08,139.3,140.885,138.89,140.85,2702551
2014-08-11,140.93,141.5,140.54,140.58,1919082
2014-08-12,140.62,141.21,140.43,140.88,2176055
2014-08-13,141.35,141.83,140.92,141.8,3104251
2014-08-14,142.0,142.39,141.85,142.34,1586871
2014-08-15,142.81,142.98,141.02,141.92,1960967
2014-08-18,142.75,144.19,142.59,144.12,1855474
2014-08-19,144.47,145.01,143.81,144.25,1593001
2014-08-20,143.86,144.82,143.5,144.6,2298805
2014-08-21,144.78,144.99,144.35,144.5,1475752
2014-08-22,144.5,144.83,144.0201,144.13,1547543
2014-08-25,144.66,144.99,144.42,144.7,1013114
2014-08-26,145.0,145.39,144.57,144.6,1816025
2014-08-27,144.43,144.86,143.63,143.94,1402238
2014-08-28,143.32,144.12,143.02,143.98,1314062
2014-08-29,144.06,144.39,143.18,144.0,1537846
2014-09-02,143.3,144.61,143.3,144.22,1578809
2014-09-03,144.47,144.72,143.55,143.82,1533616
2014-09-04,144.21,144.65,143.345,143.61,1549930
2014-09-05,143.64,144.32,143.15,144.2,1989529
2014-09-08,144.41,145.45,144.11,144.89,2446144
2014-09-09,144.7,145.26,144.245,144.46,1745351
2014-09-10,144.63,144.99,144.0,144.64,1558786
2014-09-11,143.99,144.38,143.6,144.35,1465360
2014-09-12,144.45,144.45,143.5,143.94,2135444
2014-09-15,144.17,144.69,143.66,144.48,1867980
2014-09-16,143.8,144.99,143.59,144.85,1945076
2014-09-17,144.92,145.79,144.27,145.37,2757021
2014-09-18,145.7,147.06,145.69,146.84,2367082
2014-09-19,147.42,147.87,146.52,146.69,8106210
2014-09-22,146.92,147.0,145.5,145.71,2231009
2014-09-23,145.23,145.595,144.35,144.37,2052024
2014-09-24,144.17,145.12,143.72,144.88,2608246
2014-09-25,144.41,144.46,142.07,142.48,2764211
2014-09-26,142.52,142.89,140.98,142.42,3557713
2014-09-29,140.94,142.34,140.66,142.19,2848278
2014-09-30,142.5,142.9,141.28,141.68,2679206
2014-10-01,141.16,141.67,138.72,139.18,2925861
2014-10-02,138.57,139.32,137.95,138.67,3223934
2014-10-03,139.33,140.45,138.57,140.17,3514097
2014-10-06,140.55,141.28,139.59,140.34,2464699
2014-10-07,138.82,140.18,137.66,137.68,3145016
2014-10-08,138.25,141.48,137.72,141.41,4137781
2014-10-09,141.15,141.5,138.33,138.64,3769325
2014-10-10,139.33,139.6,133.82,133.83,7370347
2014-10-13,134.26,135.35,131.01,132.9,4583764
2014-10-14,133.65,135.94,133.21,134.18,3644279
2014-10-15,132.56,134.64,130.6,134.22,4794670
2014-10-16,133.42,135.97,132.752,135.05,3497195
2014-10-17,135.75,137.85,135.75,137.4,3749126
2014-10-20,137.15,137.75,136.76,137.6,2782534
2014-10-21,138.4,141.1,138.34,140.93,3081162
2014-10-22,140.9,141.09,138.7,138.95,4294426
2014-10-23,141.92,147.92,141.92,145.05,7428392
2014-10-24,145.0,148.79,144.81,148.59,4480881
2014-10-27,148.09,149.71,147.34,149.56,2844113
2014-10-28,149.83,151.13,149.56,151.06,2368229
2014-10-29,151.39,151.73,150.2,151.01,2060649
2014-10-30,150.49,152.4,150.0,152.1,1836508
2014-10-31,153.83,154.44,153.09,153.77,3016319
2014-11-03,153.14,154.39,152.98,153.3,2376427
2014-11-04,153.92,155.23,153.24,155.05,3128619
2014-11-05,155.68,156.24,154.14,155.69,2770390
2014-11-06,155.69,156.68,155.21,156.05,2067172
2014-11-07,156.15,156.62,155.475,156.55,1882753
2014-11-10,156.25,157.71,156.05,157.66,1463470
2014-11-11,157.95,158.0,156.65,157.11,1812026
2014-11-12,156.65,157.87,156.5,157.68,1500707
2014-11-13,158.0,159.07,157.48,158.35,2375052
2014-11-14,158.53,158.88,157.71,158.85,1786283
2014-11-17,158.09,159.16,158.09,158.69,1674303
2014-11-18,158.88,160.46,158.85,160.15,2312206
2014-11-19,159.33,159.41,157.97,158.83,2314662
2014-11-20,158.19,159.55,157.84,159.36,1748983
2014-11-21,160.31,160.86,159.59,160.16,2472003
2014-11-24,160.16,160.56,159.41,159.88,2358208
2014-11-25,159.0,159.68,158.06,158.06,3646343
2014-11-26,157.97,158.45,157.5,158.31,1823224
2014-11-28,159.58,160.82,158.8,160.09,1565487
2014-12-01,158.35,159.505,157.86,158.16,2502120
2014-12-02,158.78,160.78,158.54,160.6,2504391
2014-12-03,161.1,162.44,160.17,162.26,3040255
2014-12-04,162.0,162.92,160.9,162.26,2165107
2014-12-05,162.4,162.9,161.88,162.27,1722974
2014-12-08,162.1,162.8,160.1,160.93,1905159
2014-12-09,159.89,161.1,159.11,160.83,2051810
2014-12-10,160.71,160.81,157.7,158.24,3251563
2014-12-11,159.18,160.22,158.42,159.15,2437334
2014-12-12,158.56,158.99,157.12,157.12,2823193
2014-12-15,158.12,158.4399,155.59,156.85,2610662
2014-12-16,157.26,161.44,157.08,159.05,3383374
2014-12-17,159.29,160.89,157.78,160.6,3948875
2014-12-18,162.4,165.3,162.0,165.3,3359781
2014-12-19,164.78,166.09,164.36,165.48,4891344
2014-12-22,166.22,167.305,166.14,167.27,2090886
2014-12-23,168.02,168.16,166.87,166.87,2190217
2014-12-24,166.17,167.61,166.17,166.96,981961
2014-12-26,167.34,167.81,166.15,166.26,1607376
2014-12-29,166.3,167.12,165.81,166.71,1218833
2014-12-30,166.55,166.74,165.28,165.84,1180680
2014-12-31,166.0,167.17,164.2,164.32,1631764
2015-01-02,164.71,165.08,162.73,164.06,2117562
2015-01-05,163.0,163.64,160.08,160.36,3692901
2015-01-06,160.82,161.3699,157.744,158.65,3537144
2015-01-07,159.9,160.28,158.94,159.8,3081291
2015-01-08,160.65,163.69,160.52,163.63,3149592
2015-01-09,163.85,164.0,161.27,161.62,2378568
2015-01-12,162.39,162.39,160.02,160.74,2149230
2015-01-13,162.23,164.384,159.45,160.62,2706698
2015-01-14,159.04,160.53,158.5,159.84,1983535
2015-01-15,160.89,161.44,159.3675,159.66,1881406
2015-01-16,159.86,162.18,159.09,162.0,2349676
2015-01-20,162.72,163.4,160.06,161.94,2096201
2015-01-21,161.66,163.37,161.02,162.54,1597680
2015-01-22,163.26,165.99,162.13,165.89,2225819
2015-01-23,165.75,165.98,163.91,164.02,2249181
2015-01-26,163.62,164.28,161.8001,164.24,3556293
2015-01-27,162.31,165.14,160.94,163.63,4190749
2015-01-28,164.61,166.57,163.76,163.94,3574594
2015-01-29,164.07,166.16,162.88,166.13,2674618
2015-01-30,164.75,165.22,162.3,162.3,3561892
2015-02-02,162.12,164.62,160.89,164.42,2379692
2015-02-03,165.17,166.19,164.71,165.94,2604773
2015-02-04,165.78,165.83,164.24,164.81,2363803
2015-02-05,165.31,166.59,164.75,166.55,2050539
2015-02-06,166.23,167.68,165.56,166.07,1826929
2015-02-09,164.38,165.54,163.84,164.84,2072981
2015-02-10,165.4,166.14,164.6,165.82,1885097
2015-02-11,164.52,164.97,163.47,164.48,1695064
2015-02-12,164.93,165.95,164.85,165.91,1615661
2015-02-13,165.9,166.62,165.33,165.94,1792069
2015-02-17,165.94,166.92,165.09,166.92,2100869
2015-02-18,166.34,167.51,166.01,167.4,1552002
2015-02-19,167.4,167.55,166.58,167.09,1648814
2015-02-20,166.74,168.27,165.13,168.12,2416631
2015-02-23,168.14,168.8668,167.7045,168.81,1835977
2015-02-24,168.27,169.25,168.07,169.12,1770282
2015-02-25,168.97,169.66,168.62,168.89,2019149
2015-02-26,168.85,169.98,168.64,169.61,1789370
2015-02-27,169.66,169.75,168.555,168.65,1946016
2015-03-02,168.16,170.5,168.12,170.5,2223104
2015-03-03,169.57,169.6,167.36,168.27,2232425
2015-03-04,168.26,168.26,166.46,167.16,1575686
2015-03-05,167.21,167.7,166.69,167.57,1547152
2015-03-06,166.5,166.77,164.01,164.36,2114438
2015-03-09,164.72,166.78,164.51,166.37,1608060
2015-03-10,164.81,164.86,162.25,162.26,2564593
2015-03-11,162.7,163.22,161.66,161.73,1894304
2015-03-12,162.59,164.52,162.57,164.47,1715011
2015-03-13,164.02,164.39,161.78,162.74,2284740
2015-03-16,163.58,166.27,163.58,166.21,2111173
2015-03-17,165.52,165.53,163.38,164.23,2557898
2015-03-18,163.16,166.95,162.05,166.47,3062438
2015-03-19,166.16,166.21,164.85,165.66,1953456
2015-03-20,166.09,167.134,165.39,166.49,4371778
2015-03-23,166.83,166.905,165.83,166.13,2157318
2015-03-24,165.58,167.65,165.53,166.32,2090967
2015-03-25,166.24,166.52,162.66,162.7,2540852
2015-03-26,162.0,163.37,161.21,162.59,2050735
2015-03-27,162.36,163.9,162.02,163.5,1722661
2015-03-30,164.2,166.77,164.2,166.05,1684009
2015-03-31,165.41,166.0,164.62,164.95,2081259
2015-04-01,164.29,164.54,161.9,162.52,2148057
2015-04-02,163.38,163.97,162.12,162.8,1852617
2015-04-06,161.66,165.99,161.4,165.48,2560334
2015-04-07,165.4,167.57,165.28,166.21,2479510
2015-04-08,166.21,167.22,165.21,166.27,1754434
2015-04-09,166.25,167.18,165.08,166.79,1680624
2015-04-10,167.5,167.7,166.22,167.07,1501941
2015-04-13,166.76,167.3599,165.6,165.84,1860416
2015-04-14,165.32,166.48,164.17,165.99,1915188
2015-04-15,166.72,167.34,165.86,166.44,1995871
2015-04-16,165.73,166.65,165.1,165.89,1662831
2015-04-17,164.53,164.54,161.13,161.71,3063509
2015-04-20,163.0,165.39,162.73,164.51,2394237
2015-04-21,165.65,165.7,163.62,164.0,1970534
2015-04-22,163.81,164.89,162.57,164.67,2228828
2015-04-23,159.54,161.45,158.61,159.66,5704517
2015-04-24,159.81,159.81,157.85,158.99,3043484
2015-04-27,159.48,160.065,157.81,157.98,3448760
2015-04-28,157.69,158.36,156.18,158.33,3387920
2015-04-29,157.42,157.93,156.18,156.97,3078628
2015-04-30,156.82,157.915,156.01,156.39,3510160
2015-05-01,156.79,158.09,156.79,157.68,2160149
2015-05-04,158.4,159.85,157.88,159.02,2240314
2015-05-05,158.86,159.45,157.41,157.91,1947744
2015-05-06,157.92,159.08,156.55,157.64,2203122
2015-05-07,157.23,159.2,157.23,158.61,2112923
2015-05-08,160.25,161.4,160.06,160.6,2025537
2015-05-11,160.26,161.0,159.8,159.9,1708711
2015-05-12,158.71,160.4,158.01,160.07,1864809
2015-05-13,160.43,161.74,160.36,161.31,2587859
2015-05-14,162.09,163.3,161.8,163.15,2462549
2015-05-15,163.15,163.77,162.65,163.3,1923774
2015-05-18,163.0,163.59,162.31,162.87,1748384
2015-05-19,163.07,163.59,162.55,163.12,2076094
2015-05-20,162.42,163.07,161.84,161.9,1978568
2015-05-21,161.9,162.3537,161.8,162.06,2401909
2015-05-22,161.99,162.33,160.66,160.98,1822803
2015-05-26,160.98,161.32,159.035,159.59,2471109
2015-05-27,159.82,161.31,159.53,161.02,2625930
2015-05-28,160.35,160.89,159.61,160.87,1578079
2015-05-29,160.44,160.79,158.74,159.08,2880519
2015-06-01,159.1,159.76,158.57,158.98,1906559
2015-06-02,158.28,159.88,157.95,159.08,2481192
2015-06-03,159.61,160.5,158.98,160.16,2074495
2015-06-04,159.51,160.38,158.09,158.35,2237628
2015-06-05,157.5,157.97,156.97,157.08,2314771
2015-06-08,156.5,157.41,156.3,156.59,1608614
2015-06-09,156.85,158.26,156.6,156.98,1810752
2015-06-10,156.95,159.57,156.95,159.04,1758925
2015-06-11,159.12,160.36,159.0,159.86,1854228
2015-06-12,159.85,159.99,157.88,158.04,1910513
2015-06-15,157.08,157.32,155.39,155.87,2353069
2015-06-16,155.49,157.04,155.37,156.49,1729688
2015-06-17,156.6,157.59,155.75,156.95,1839387
2015-06-18,157.59,160.24,157.385,159.62,2528893
2015-06-19,159.36,159.88,158.94,158.95,3287179
2015-06-22,159.85,160.7,159.45,159.68,1447412
2015-06-23,160.41,160.87,159.51,159.84,2286400
2015-06-24,159.68,159.96,157.54,157.54,2862870
2015-06-25,157.85,158.32,155.92,155.92,2564048
2015-06-26,156.16,157.99,155.93,157.09,2625489
2015-06-29,155.92,156.44,153.92,153.95,2474976
2015-06-30,155.0,155.3,154.07,154.3,2561158
2015-07-01,156.13,156.43,154.66,155.65,1726793
2015-07-02,156.08,156.08,154.9,155.38,2022399
2015-07-06,153.89,155.58,153.83,155.08,2172154
2015-07-07,155.14,155.63,153.16,155.43,2865996
2015-07-08,154.08,154.5,152.7,152.71,2613316
2015-07-09,154.59,155.5,153.75,153.75,2069222
2015-07-10,154.74,155.8598,154.5001,154.95,2061321
2015-07-13,156.42,156.77,155.65,156.47,2107208
2015-07-14,156.49,157.08,156.28,156.78,1812274
2015-07-15,156.57,157.0,155.9,156.0,1786207
2015-07-16,157.58,157.94,156.69,157.17,2023869
2015-07-17,156.5,157.37,156.43,156.69,2429011
2015-07-20,156.77,157.65,156.27,157.12,2349130
2015-07-21,156.75,157.1799,155.34,155.76,2743931
2015-07-22,155.59,156.31,154.44,155.41,3067734
2015-07-23,151.92,153.69,149.02,149.5,5176373
2015-07-24,148.86,150.8,148.7,149.33,3433648
2015-07-27,148.64,149.0,147.7,148.71,3117558
2015-07-28,148.85,151.72,148.325,151.11,3277739
2015-07-29,151.44,151.69,150.71,151.45,2176889
2015-07-30,151.0,151.73,150.33,151.57,2120011
2015-07-31,152.53,152.81,151.03,151.34,1619622
2015-08-03,150.79,151.78,148.9439,150.12,2355658
2015-08-04,150.93,151.54,150.11,150.4,1811933
2015-08-05,151.85,153.24,150.92,151.01,1765640
2015-08-06,150.89,151.22,148.9,149.26,1764818
2015-08-07,148.48,150.0,148.1625,148.89,1669711
2015-08-10,150.0,151.4,149.89,151.24,1571784
2015-08-11,150.0,150.0,148.26,148.48,1810785
2015-08-12,147.24,148.71,146.07,148.52,2054319
2015-08-13,148.0,148.5595,147.082,147.4,1793138
2015-08-14,147.66,148.51,147.32,148.28,1401860
2015-08-17,147.43,149.31,146.36,149.24,1648944
2015-08-18,148.63,148.92,147.88,148.31,1706387
2015-08-19,146.2,147.55,145.28,145.87,2525241
2015-08-20,144.51,144.87,143.34,143.35,3281679
2015-08-21,143.52,145.32,141.92,142.09,5442026
2015-08-24,137.12,142.09,134.0,138.58,7359480
2015-08-25,141.86,142.06,137.39,137.64,5435890
2015-08-26,140.0,142.79,138.53,142.72,4562206
2015-08-27,143.75,144.95,141.33,143.9,4104567
2015-08-28,143.02,144.32,142.8,144.21,2664554
2015-08-31,143.0,143.83,142.02,142.14,2514923
2015-09-01,139.48,140.49,137.94,138.5,3671447
2015-09-02,140.03,141.24,139.24,141.24,3312687
2015-09-03,141.94,142.9,141.31,141.74,2606203
2015-09-04,139.94,140.67,139.16,139.84,3195773
2015-09-08,142.05,143.55,141.52,143.43,2432857
2015-09-09,144.86,145.35,140.57,140.86,2642784
2015-09-10,141.0,141.91,140.15,140.78,2031210
2015-09-11,140.61,141.33,139.77,141.26,2506009
2015-09-14,141.52,141.58,140.03,140.81,2277158
2015-09-15,141.56,143.84,141.04,143.6,2690814
2015-09-16,143.51,144.46,143.21,144.2,2060707
2015-09-17,143.81,145.55,142.52,142.95,2855145
2015-09-18,141.17,141.3,139.21,139.62,6526037
2015-09-21,140.5,141.08,139.35,140.04,2492937
2015-09-22,138.27,138.51,137.25,138.02,2775299
2015-09-23,138.53,138.9,136.86,137.66,2684501
2015-09-24,136.63,138.03,135.39,137.58,2690259
2015-09-25,139.62,140.12,138.57,139.56,3767195
2015-09-28,138.3,139.7,138.3,138.38,3468936
2015-09-29,138.62,142.16,138.43,141.55,4946046
2015-09-30,142.52,143.225,140.5,141.77,3619263
2015-10-01,142.21,142.5,139.58,140.8,2486292
2015-10-02,139.08,143.3,138.57,143.2,3064411
2015-10-05,144.3,146.595,143.63,146.32,2987249
2015-10-06,145.99,146.64,145.4,145.79,2256802
2015-10-07,146.74,148.54,146.1325,147.54,1957149
2015-10-08,146.65,149.56,146.59,149.48,2008766
2015-10-09,149.56,150.65,149.3,149.9,2293990
2015-10-12,150.26,150.56,149.54,150.06,1429298
2015-10-13,148.91,150.0,148.73,149.11,2027618
2015-10-14,149.0,149.6624,148.18,148.32,2260312
2015-10-15,149.64,149.88,148.02,149.19,2589025
2015-10-16,149.77,149.78,147.48,148.7,2490502
2015-10-19,147.97,148.42,147.23,148.0,2004235
2015-10-20,147.45,149.67,147.13,149.11,2409281
2015-10-21,149.5,151.39,148.9,149.82,3012100
2015-10-22,151.34,157.04,150.65,156.0,5111866
2015-10-23,156.54,157.19,154.5,155.79,2997423
2015-10-26,156.06,156.76,155.64,156.54,2136125
2015-10-27,156.0,157.0,155.08,156.73,1970111
2015-10-28,156.49,158.33,156.2,158.08,2724680
2015-10-29,157.75,157.91,156.88,157.61,1484607
2015-10-30,157.8,158.68,157.21,157.21,2672128
2015-11-02,157.51,160.09,157.34,159.92,2701780
2015-11-03,159.48,159.8,158.67,158.75,2972822
2015-11-04,159.0,159.48,158.61,158.91,2254169
2015-11-05,159.38,159.58,158.27,158.99,2023902
2015-11-06,158.02,159.26,157.73,159.26,1859957
2015-11-09,158.67,158.67,156.75,157.47,2421017
2015-11-10,157.23,157.64,156.43,157.59,1962870
2015-11-11,157.86,159.49,157.54,159.05,2527087
2015-11-12,157.78,158.29,156.16,156.3,2305645
2015-11-13,156.0,156.92,155.6,155.65,2434539
2015-11-16,155.61,158.26,155.61,158.21,2394999
2015-11-17,158.36,158.5299,156.52,157.03,2392966
2015-11-18,156.18,157.5,156.08,157.39,2226895
2015-11-19,157.63,158.51,156.71,158.38,1518174
2015-11-20,158.68,159.84,158.34,158.95,1891113
2015-11-23,158.9,159.77,158.16,158.65,1430410
2015-11-24,157.37,158.34,156.89,157.75,2100625
2015-11-25,158.06,158.47,157.63,157.63,1184162
2015-11-27,157.51,158.49,156.94,157.99,876130
2015-11-30,158.1,158.47,156.57,156.58,2934244
2015-12-01,156.41,157.67,156.17,156.9,2258962
2015-12-02,156.88,157.25,155.51,155.7,2034661
2015-12-03,156.56,156.9,153.71,154.38,2609503
2015-12-04,154.79,158.39,154.57,158.22,2175780
2015-12-07,157.53,158.0,156.81,157.75,2142784
2015-12-08,156.44,157.86,155.675,156.79,2350423
2015-12-09,156.17,158.24,154.94,156.05,2660838
2015-12-10,155.73,158.69,155.585,157.52,2551244
2015-12-11,155.55,156.4,154.42,154.83,2523192
2015-12-14,155.29,157.77,154.335,157.63,3462196
2015-12-15,151.99,153.02,147.08,148.13,8645905
2015-12-16,148.15,150.54,147.74,149.95,4774134
2015-12-17,150.15,150.8596,148.83,148.85,3053902
2015-12-18,148.21,148.6,146.76,146.92,5736432
2015-12-21,147.58,148.33,146.69,147.48,2284411
2015-12-22,148.12,149.49,147.28,148.97,2528661
2015-12-23,149.69,151.58,149.52,151.16,2215346
2015-12-24,150.82,151.8,150.58,151.19,848403
2015-12-28,151.13,151.77,150.27,151.22,1275184
2015-12-29,152.2,153.26,152.0,152.89,1824695
2015-12-30,152.79,153.7,151.7311,151.91,1553075
2015-12-31,151.73,152.12,150.63,150.64,1607102
2016-01-04,148.05,148.32,145.4,146.82,3277188
2016-01-05,146.82,147.5,145.61,147.46,2688082
2016-01-06,145.59,145.76,143.42,144.49,2997126
2016-01-07,142.52,143.13,140.63,140.97,3553519
2016-01-08,141.36,142.5,140.22,140.49,2663979
2016-01-11,140.97,141.43,139.41,140.46,2775527
2016-01-12,141.36,142.15,139.13,140.86,2363612
2016-01-13,140.89,142.19,138.54,138.72,2598252
2016-01-14,139.74,142.44,138.86,141.18,3720400
2016-01-15,138.3,140.1,137.21,138.69,4683496
2016-01-19,140.1,140.8,137.41,138.39,3399796
2016-01-20,136.95,137.75,134.6442,136.96,4136338
2016-01-21,136.96,138.67,136.15,137.76,3355469
2016-01-22,140.14,140.43,138.0832,139.52,2979077
2016-01-25,138.96,139.37,137.53,137.57,2805458
2016-01-26,141.79,145.02,140.33,144.78,5129123
2016-01-27,144.95,147.97,144.05,145.55,3596399
2016-01-28,146.16,147.84,145.22,147.32,3067960
2016-01-29,148.24,151.0,148.0,151.0,3993211
2016-02-01,149.33,149.79,148.1,148.73,2701512
2016-02-02,147.59,148.275,146.05,147.87,3581835
2016-02-03,149.36,152.85,148.96,152.52,5766764
2016-02-04,152.42,154.38,151.778,153.44,3458366
2016-02-05,153.2,153.88,151.82,153.47,3368495
2016-02-08,151.63,154.43,151.008,153.9,2505355
2016-02-09,152.95,155.76,152.45,154.74,2968410
2016-02-10,154.43,155.49,152.12,152.45,2911985
2016-02-11,149.91,152.0,149.0,150.67,3182232
2016-02-12,151.51,154.07,150.91,153.96,2292155
2016-02-16,155.0,155.9,154.26,155.53,2140576
2016-02-17,156.0,157.13,155.6,156.62,2156064
2016-02-18,156.35,156.97,155.97,156.78,2010220
2016-02-19,157.0,157.09,155.87,156.45,2121331
2016-02-22,157.5,158.48,157.11,157.7,2207565
2016-02-23,157.63,157.6899,155.165,156.17,1922779
2016-02-24,154.84,157.6155,153.64,157.22,1937839
2016-02-25,157.54,159.0,157.01,158.99,1718362
2016-02-26,159.15,159.5,158.08,158.27,1843721
2016-02-29,158.01,159.12,156.82,156.87,1993169
2016-03-01,158.75,159.7,157.61,159.59,2204125
2016-03-02,158.88,159.88,158.54,159.41,1807199
2016-03-03,159.41,159.69,158.51,159.38,1926039
2016-03-04,159.46,160.29,158.92,160.07,1766328
2016-03-07,159.98,160.57,158.1701,160.57,2012810
2016-03-08,159.4,160.61,159.35,160.2,2020133
2016-03-09,160.5,160.78,159.52,160.09,1883182
2016-03-10,160.77,160.8,158.28,159.89,1875660
2016-03-11,161.14,162.05,160.65,161.88,1697205
2016-03-14,161.61,162.77,161.0,161.81,1747318
2016-03-15,160.16,162.5,159.35,162.41,1828242
2016-03-16,161.96,163.3,161.52,162.89,1927690
2016-03-17,163.16,164.36,162.84,163.75,2790076
2016-03-18,164.15,165.33,163.9,165.33,5853042
2016-03-21,165.05,165.31,164.41,164.84,2095053
2016-03-22,164.5,165.5,164.39,164.91,2146288
2016-03-23,164.6,164.99,163.46,164.27,2304955
2016-03-24,163.68,164.54,163.0472,164.46,1868769
2016-03-28,164.93,166.65,164.58,166.28,2336768
2016-03-29,164.93,164.99,163.12,164.39,2525004
2016-03-30,165.37,167.215,165.16,166.75,2195874
2016-03-31,166.75,167.5,166.5,166.63,1777204
2016-04-01,165.63,167.74,164.79,167.53,2011569
2016-04-04,167.11,167.49,165.92,166.4,2022797
2016-04-05,165.18,166.5499,164.65,165.81,1617437
2016-04-06,165.34,167.08,164.84,166.81,2092183
2016-04-07,165.88,167.23,165.25,167.16,2728268
2016-04-08,167.71,167.99,166.1,166.63,1729301
2016-04-11,167.12,167.96,166.57,166.59,1521065
2016-04-12,167.01,168.3954,166.93,168.03,1636492
2016-04-13,168.47,168.9,167.71,168.59,1545911
2016-04-14,169.0,169.0,167.88,168.16,1213407
2016-04-15,168.32,169.0,168.2,168.78,1417007
2016-04-18,168.47,169.87,168.39,169.55,1146593
2016-04-19,169.92,170.77,169.07,169.65,1849420
2016-04-20,170.14,170.45,168.62,168.94,1439679
2016-04-21,168.97,169.7,168.41,168.66,1634976
2016-04-22,169.09,169.76,167.85,168.66,1802263
2016-04-25,168.0,168.51,166.64,168.38,2378321
2016-04-26,167.5,167.79,164.97,166.18,3192066
2016-04-27,166.99,168.38,166.1,167.76,2227723
2016-04-28,166.85,168.77,166.2,167.0,1654654
2016-04-29,166.98,167.78,166.495,167.38,1961811
2016-05-02,167.3,168.5,166.94,168.34,1700272
2016-05-03,167.39,168.07,166.66,167.97,1922150
2016-05-04,166.37,167.7,166.29,167.16,2118061
2016-05-05,167.46,168.33,167.19,167.77,1680203
2016-05-06,167.84,169.05,167.0,168.89,1630184
2016-05-09,168.59,169.05,167.69,168.52,1301262
2016-05-10,169.23,170.39,169.0,170.26,1733147
2016-05-11,170.2,171.27,169.57,169.77,1786405
2016-05-12,169.86,170.63,168.76,170.15,1741928
2016-05-13,170.05,170.38,167.82,168.32,1875893
2016-05-16,168.5,169.9,168.43,169.55,1826217
2016-05-17,169.57,169.94,167.085,167.82,2126015
2016-05-18,166.5,167.93,165.76,166.82,1624389
2016-05-19,165.37,166.06,163.17,165.11,1657333
2016-05-20,165.25,166.47,164.928,165.01,1746994
2016-05-23,165.28,166.56,164.52,166.11,1653531
2016-05-24,167.16,168.79,166.7,168.63,1627511
2016-05-25,169.0,170.355,168.75,169.99,1860038
2016-05-26,170.01,170.77,168.53,168.91,1563894
2016-05-27,168.91,169.03,168.28,168.89,1099137
2016-05-31,169.32,169.75,167.66,168.32,2169597
2016-06-01,167.78,168.93,167.09,168.69,1228187
2016-06-02,168.71,168.71,167.27,168.04,1980584
2016-06-03,168.05,168.66,167.51,168.38,1433491
2016-06-06,168.85,170.59,168.59,170.08,1510724
2016-06-07,170.25,171.49,170.22,170.91,1723101
2016-06-08,170.95,171.93,170.65,171.42,1684867
2016-06-09,170.5,171.47,169.4,170.13,2208774
2016-06-10,169.27,169.3,167.88,168.56,2123352
2016-06-13,168.45,168.64,167.11,167.13,2129881
2016-06-14,167.29,167.81,166.6,167.61,2021662
2016-06-15,167.95,168.8583,167.47,167.8,1694233
2016-06-16,167.35,170.39,166.62,169.93,2632138
2016-06-17,169.99,170.0,168.42,168.94,3447960
2016-06-20,170.9,172.799,170.53,171.23,2162785
2016-06-21,171.18,171.97,171.06,171.37,1889460
2016-06-22,171.83,172.6,170.99,171.23,1369607
2016-06-23,172.71,174.15,172.46,174.11,2021557
2016-06-24,168.87,171.54,168.4,169.12,4567516
2016-06-27,167.78,167.83,165.16,167.19,2556446
2016-06-28,168.14,169.67,167.96,169.59,2237274
2016-06-29,171.02,171.85,170.36,171.52,1894081
2016-06-30,172.06,175.14,172.06,175.12,2449398
2016-07-01,175.14,176.08,174.91,175.54,1930869
2016-07-05,174.86,175.78,173.51,175.63,2353554
2016-07-06,175.2,175.47,174.06,175.16,2383286
2016-07-07,175.09,175.64,174.1301,174.87,1842372
2016-07-08,175.87,177.7925,175.82,177.12,2726594
2016-07-11,177.41,178.47,177.19,178.01,1659485
2016-07-12,178.75,179.63,178.03,179.16,1922623
2016-07-13,179.22,179.67,178.69,179.21,1491462
2016-07-14,180.15,181.32,179.88,180.9,1904280
2016-07-15,181.5,181.84,180.56,181.4,2475243
2016-07-18,181.44,181.7,180.75,181.11,1224381
2016-07-19,181.11,181.65,180.29,181.24,1051302
2016-07-20,181.73,182.27,181.32,181.42,1413335
2016-07-21,181.29,181.56,179.7,180.26,1939921
2016-07-22,180.42,180.53,179.36,180.44,1205590
2016-07-25,180.2,180.42,178.92,179.63,1937034
2016-07-26,177.17,178.99,176.14,177.66,3421578
2016-07-27,177.41,178.94,177.41,178.27,2359679
2016-07-28,177.65,178.37,177.03,177.98,1799475
2016-07-29,178.11,178.8229,177.62,178.36,1621915
2016-08-01,177.08,178.54,177.08,178.29,1598351
2016-08-02,178.58,178.62,177.24,178.36,2115083
2016-08-03,178.72,179.13,177.97,178.38,1419250
2016-08-04,178.96,179.42,177.64,177.81,1072341
2016-08-05,178.25,179.0099,177.37,178.57,1799474
2016-08-08,178.9,179.02,178.27,178.58,1327693
2016-08-09,178.37,178.9,177.94,178.39,1098851
2016-08-10,178.12,178.85,177.85,178.82,1226260
2016-08-11,179.08,181.1,178.88,181.0,2043437
2016-08-12,181.47,181.47,179.9,180.27,1232856
2016-08-15,181.0,181.39,180.46,180.56,1268247
2016-08-16,180.12,180.33,179.21,179.26,1363554
2016-08-17,178.67,180.09,178.32,179.87,1358528
2016-08-18,179.7,179.7,178.58,179.18,1088677
2016-08-19,178.66,179.78,178.08,179.61,1305289
2016-08-22,179.18,179.59,178.37,179.07,1336377
2016-08-23,179.61,180.54,179.28,179.77,1195825
2016-08-24,179.41,179.9637,179.01,179.41,1137075
2016-08-25,179.09,180.318,179.05,179.58,840299
2016-08-26,180.19,181.25,178.92,179.41,1324652
2016-08-29,179.86,180.7,179.28,180.5,1051806
2016-08-30,180.72,181.02,179.59,180.15,1039808
2016-08-31,179.49,179.765,178.58,179.24,1635998
2016-09-01,179.31,180.17,178.8,179.98,1095268
2016-09-02,180.53,181.49,180.09,180.81,1319039
2016-09-06,180.56,181.28,179.88,180.46,1328116
2016-09-07,180.04,180.54,179.5401,179.75,1133540
2016-09-08,179.19,180.21,178.94,180.1,1423980
2016-09-09,178.89,179.0,175.64,175.64,2083300
2016-09-12,175.0,178.4,174.686,178.1,1913291
2016-09-13,176.83,177.6,175.95,176.07,1864569
2016-09-14,175.96,177.35,175.2,175.62,1864794
2016-09-15,175.53,177.0,175.36,176.59,1683788
2016-09-16,175.88,175.95,174.385,175.06,3358842
2016-09-19,176.05,177.95,176.05,176.72,1754929
2016-09-20,177.71,178.4997,177.33,177.6,1598557
2016-09-21,177.88,179.8,177.5,179.59,1759977
2016-09-22,179.83,181.66,179.65,179.85,1849004
2016-09-23,179.4,179.7,177.19,177.39,1910978
2016-09-26,176.85,176.91,175.8,175.95,1820997
2016-09-27,175.61,177.03,175.5801,176.3,2433570
2016-09-28,176.78,177.98,176.69,177.59,1693951
2016-09-29,177.478,177.63,174.87,175.37,1853613
2016-09-30,176.58,177.15,176.09,176.23,2419430
2016-10-03,175.33,175.95,174.4,175.04,1785551
2016-10-04,174.59,174.97,171.2,171.68,3166931
2016-10-05,171.66,172.56,171.34,172.39,2305546
2016-10-06,171.93,172.32,170.6011,171.64,2273400
2016-10-07,171.9,171.94,170.041,171.33,2249588
2016-10-10,171.84,172.7497,170.94,171.14,1936639
2016-10-11,170.24,170.47,168.69,169.68,1998726
2016-10-12,169.6,170.18,168.89,169.72,1554146
2016-10-13,168.87,170.31,168.46,170.02,1919715
2016-10-14,170.99,171.39,170.3,170.33,1512376
2016-10-17,170.54,171.09,169.94,170.21,1229184
2016-10-18,171.68,171.91,169.84,169.95,1185565
2016-10-19,170.8,170.94,169.66,169.91,1164213
2016-10-20,169.57,170.34,168.99,169.86,1210539
2016-10-21,168.11,169.56,167.72,169.5,2013555
2016-10-24,172.65,173.4355,170.9,171.27,2668523
2016-10-25,169.47,169.89,165.11,166.23,3826166
2016-10-26,165.69,167.79,165.41,166.51,2174852
2016-10-27,166.87,166.95,165.28,165.76,1486376
2016-10-28,166.55,167.18,165.14,165.77,1934281
2016-10-31,166.46,166.54,165.18,165.3,2289132
2016-11-01,165.4,165.81,163.85,164.25,2455784
2016-11-02,164.7,166.37,163.91,165.73,2233414
2016-11-03,166.14,167.64,165.26,166.83,2504984
2016-11-04,167.21,167.8501,166.42,166.48,1927527
2016-11-07,168.15,169.89,167.9795,169.74,1930929
2016-11-08,169.9,172.05,169.78,171.03,1956187
2016-11-09,165.84,171.0,165.84,170.39,3659314
2016-11-10,170.16,174.67,169.79,174.28,3280034
2016-11-11,174.05,175.13,173.73,175.08,1868162
2016-11-14,175.23,175.51,171.9,172.91,2607032
2016-11-15,173.16,174.25,171.91,174.24,2177504
2016-11-16,173.13,173.23,171.57,172.01,2022623
2016-11-17,172.01,173.25,172.01,172.77,1783744
2016-11-18,172.51,173.28,172.29,172.96,1711068
2016-11-21,171.42,171.98,170.72,171.52,1993936
2016-11-22,171.67,172.08,171.28,171.91,1553303
2016-11-23,172.08,172.75,171.76,172.25,1477958
2016-11-25,172.21,173.99,172.21,173.49,945845
2016-11-28,173.56,173.77,172.275,172.5,1677696
2016-11-29,172.54,173.29,172.1453,172.77,1483189
2016-11-30,172.2,173.19,171.59,171.74,2595787
2016-12-01,171.64,172.74,171.45,172.63,1756890
2016-12-02,172.53,173.69,172.24,172.43,1871524
2016-12-05,172.63,172.95,171.085,171.62,2181327
2016-12-06,171.82,172.03,171.23,171.8,1467548
2016-12-07,172.38,176.06,171.97,176.05,3164316
2016-12-08,176.08,176.35,174.77,175.88,1790705
2016-12-09,175.36,178.87,175.3,178.49,2650644
2016-12-12,178.25,179.81,177.57,179.64,2295986
2016-12-13,179.57,180.06,176.77,178.83,2708604
2016-12-14,179.16,179.39,176.41,176.6,2234172
2016-12-15,177.26,177.5771,175.051,176.02,2055610
2016-12-16,176.56,178.5,176.55,177.45,3889730
2016-12-19,177.61,178.67,177.32,178.16,1381974
2016-12-20,178.34,179.33,178.06,178.65,1378216
2016-12-21,178.6,179.53,178.42,178.43,1556047
2016-12-22,178.8899,179.46,177.98,179.2,1225630
2016-12-23,179.09,179.29,178.53,178.75,731194
2016-12-27,178.66,179.2,178.57,178.92,651007
2016-12-28,178.88,179.45,178.02,178.08,1287918
2016-12-29,178.29,179.1444,178.03,178.41,1101983
2016-12-30,179.0,179.48,178.285,178.57,1594248
2017-01-03,178.83,180.0,177.22,178.05,2510055
2017-01-04,178.03,178.9,177.61,178.32,1541985
2017-01-05,178.26,179.14,176.89,177.71,1447848
2017-01-06,177.29,178.6,175.8,178.23,1625049
2017-01-09,178.37,178.38,177.2,177.27,1622625
2017-01-10,177.36,177.49,176.3101,176.58,2030149
2017-01-11,176.63,178.45,176.39,177.89,1579593
2017-01-12,176.97,177.7,175.75,177.44,1321766
2017-01-13,177.58,177.91,176.83,177.39,1265593
2017-01-17,177.0,177.68,176.25,177.26,1557453
2017-01-18,177.9,179.44,177.38,178.49,1804904
2017-01-19,179.25,179.8,177.76,178.68,1464364
2017-01-20,179.2,179.46,177.83,178.49,1761850
2017-01-23,177.91,178.99,177.13,178.51,1986788
2017-01-24,177.5,177.76,174.42,175.97,3473183
2017-01-25,177.09,178.63,176.57,176.73,3462633
2017-01-26,176.31,177.23,176.04,176.82,2235889
2017-01-27,177.48,177.98,176.83,177.48,1623666
